,student label,game score,percent training sessions attended,overall fitness score,# extra strategy sessions attended,hours of sleep the night before game,previous competitive sports,# meals on day prior to game,x0_east coast,x0_west coast,x0_evening,x0_morning,x0_noon,x0_early bird,x0_night owl,x0_frosh,x0_junior,x0_senior,x0_sophomore
0,1,29.51,0.5700000000000001,0.0,7,4,curling,4,1.0,0.0,0.0,0.0,1.0,0.0,1.0,1.0,0.0,0.0,0.0
1,2,39.25,1.0,0.0,7,10,curling,3,1.0,0.0,0.0,0.0,1.0,0.0,1.0,0.0,0.0,1.0,0.0
2,3,46.06,0.8300000000000001,0.03,2,5,gymnastics,5,1.0,0.0,0.0,0.0,1.0,0.0,1.0,0.0,0.0,0.0,1.0
3,4,0.0,0.08,0.52,2,9,baseball,6,1.0,0.0,0.0,0.0,1.0,0.0,1.0,0.0,0.0,0.0,1.0
4,5,78.31,1.0,0.96,8,3,martial arts,4,1.0,0.0,0.0,0.0,1.0,0.0,1.0,0.0,1.0,0.0,0.0
5,6,42.15,0.8,0.21,6,5,martial arts,6,1.0,0.0,0.0,0.0,1.0,0.0,1.0,0.0,0.0,0.0,1.0
6,7,31.97,0.62,0.0,7,2,gymnastics,3,1.0,0.0,0.0,0.0,1.0,0.0,1.0,0.0,0.0,0.0,1.0
7,8,29.27,0.07,0.0,7,12,frisbee,1,1.0,0.0,0.0,0.0,1.0,0.0,1.0,0.0,1.0,0.0,0.0
8,9,17.27,0.31,0.0,2,9,table tennis,4,1.0,0.0,0.0,0.0,1.0,0.0,1.0,0.0,1.0,0.0,0.0
9,10,13.97,0.07,0.47,6,4,basketball,3,1.0,0.0,0.0,0.0,1.0,0.0,1.0,1.0,0.0,0.0,0.0
10,11,46.89,0.1,0.77,9,12,martial arts,2,1.0,0.0,0.0,0.0,1.0,0.0,1.0,0.0,0.0,1.0,0.0
11,12,63.7,1.0,1.0,3,3,curling,5,1.0,0.0,0.0,0.0,1.0,1.0,0.0,0.0,0.0,0.0,1.0
12,13,76.32000000000001,0.8300000000000001,1.0,7,8,basketball,3,1.0,0.0,0.0,0.0,1.0,0.0,1.0,1.0,0.0,0.0,0.0
13,14,17.64,0.07,0.0,3,4,gymnastics,4,1.0,0.0,0.0,0.0,1.0,0.0,1.0,0.0,1.0,0.0,0.0
14,15,75.74,0.95,1.0,10,10,table tennis,5,1.0,0.0,0.0,0.0,1.0,0.0,1.0,1.0,0.0,0.0,0.0
15,16,42.78,0.0,0.39,1,4,football,3,1.0,0.0,0.0,0.0,1.0,0.0,1.0,1.0,0.0,0.0,0.0
16,17,42.16,0.8300000000000001,0.79,6,1,curling,5,1.0,0.0,0.0,0.0,1.0,1.0,0.0,0.0,0.0,0.0,1.0
17,18,18.21,0.0,1.0,2,1,table tennis,4,1.0,0.0,0.0,0.0,1.0,0.0,1.0,0.0,1.0,0.0,0.0
18,19,30.81,0.2,0.0,6,6,martial arts,2,1.0,0.0,0.0,0.0,1.0,0.0,1.0,0.0,1.0,0.0,0.0
19,20,28.26,0.5700000000000001,0.0,1,8,martial arts,3,1.0,0.0,0.0,0.0,1.0,0.0,1.0,0.0,0.0,0.0,1.0
20,21,36.92,0.01,0.71,7,11,curling,2,1.0,0.0,0.0,0.0,1.0,0.0,1.0,0.0,0.0,0.0,1.0
21,22,51.09,0.67,0.77,9,12,baseball,6,1.0,0.0,0.0,0.0,1.0,1.0,0.0,1.0,0.0,0.0,0.0
22,23,36.01,0.64,0.56,0,1,martial arts,2,1.0,0.0,0.0,0.0,1.0,0.0,1.0,0.0,1.0,0.0,0.0
23,24,16.79,0.61,0.16,3,1,gymnastics,5,1.0,0.0,0.0,0.0,1.0,0.0,1.0,0.0,1.0,0.0,0.0
24,25,57.16,1.0,0.81,8,12,football,5,1.0,0.0,0.0,0.0,1.0,0.0,1.0,0.0,1.0,0.0,0.0
25,26,0.0,0.0,0.0,0,0,martial arts,3,1.0,0.0,0.0,0.0,1.0,0.0,1.0,0.0,0.0,0.0,1.0
26,27,54.69,0.81,0.56,10,0,martial arts,2,1.0,0.0,0.0,0.0,1.0,0.0,1.0,0.0,1.0,0.0,0.0
27,28,61.23,1.0,0.8,10,10,table tennis,4,1.0,0.0,0.0,0.0,1.0,1.0,0.0,0.0,0.0,1.0,0.0
28,29,12.58,0.27,0.37,6,12,baseball,3,1.0,0.0,0.0,0.0,1.0,0.0,1.0,0.0,1.0,0.0,0.0
29,30,25.21,0.0,0.12,6,10,football,2,1.0,0.0,0.0,0.0,1.0,0.0,1.0,0.0,1.0,0.0,0.0
30,31,61.97,0.81,0.8,7,11,curling,4,1.0,0.0,0.0,0.0,1.0,0.0,1.0,0.0,0.0,1.0,0.0
31,32,42.48,0.85,0.0,9,10,football,5,1.0,0.0,0.0,0.0,1.0,0.0,1.0,0.0,0.0,0.0,1.0
32,33,68.16,0.68,1.0,7,6,football,5,1.0,0.0,0.0,0.0,1.0,0.0,1.0,0.0,1.0,0.0,0.0
33,34,79.71000000000001,1.0,1.0,7,2,football,3,1.0,0.0,0.0,0.0,1.0,0.0,1.0,0.0,1.0,0.0,0.0
34,35,15.98,0.07,0.48,0,0,martial arts,4,1.0,0.0,0.0,0.0,1.0,0.0,1.0,1.0,0.0,0.0,0.0
35,36,64.05,1.0,0.94,5,12,table tennis,5,1.0,0.0,0.0,0.0,1.0,1.0,0.0,0.0,1.0,0.0,0.0
36,37,49.79,1.0,0.09,8,10,football,3,1.0,0.0,0.0,0.0,1.0,0.0,1.0,0.0,1.0,0.0,0.0
37,38,46.82,0.6,0.15,7,3,martial arts,5,1.0,0.0,0.0,0.0,1.0,1.0,0.0,1.0,0.0,0.0,0.0
38,39,56.58,0.48,0.62,8,10,martial arts,2,1.0,0.0,0.0,0.0,1.0,0.0,1.0,0.0,0.0,1.0,0.0
39,40,35.35,0.11,0.97,1,6,martial arts,4,1.0,0.0,0.0,0.0,1.0,0.0,1.0,0.0,0.0,0.0,1.0
40,41,45.09,0.86,0.31,2,6,martial arts,6,1.0,0.0,1.0,0.0,0.0,1.0,0.0,0.0,0.0,0.0,1.0
41,42,37.19,0.59,0.56,5,3,curling,5,1.0,0.0,1.0,0.0,0.0,0.0,1.0,0.0,0.0,0.0,1.0
42,43,69.61,0.8300000000000001,0.89,5,5,basketball,4,1.0,0.0,1.0,0.0,0.0,0.0,1.0,0.0,1.0,0.0,0.0
43,44,27.29,0.19,0.8,2,2,frisbee,5,1.0,0.0,1.0,0.0,0.0,0.0,1.0,1.0,0.0,0.0,0.0
44,45,36.46,0.03,0.37,5,9,frisbee,3,1.0,0.0,1.0,0.0,0.0,0.0,1.0,1.0,0.0,0.0,0.0
45,46,70.59,0.97,0.58,10,11,football,3,1.0,0.0,1.0,0.0,0.0,0.0,1.0,0.0,0.0,1.0,0.0
46,47,35.410000000000004,0.0,0.0,3,7,gymnastics,6,1.0,0.0,1.0,0.0,0.0,0.0,1.0,0.0,1.0,0.0,0.0
47,48,27.06,0.04,0.0,6,1,table tennis,3,1.0,0.0,1.0,0.0,0.0,1.0,0.0,1.0,0.0,0.0,0.0
48,49,43.43,0.94,0.52,0,12,baseball,3,1.0,0.0,1.0,0.0,0.0,0.0,1.0,0.0,0.0,1.0,0.0
49,50,25.77,0.17,0.16,1,2,baseball,5,1.0,0.0,1.0,0.0,0.0,0.0,1.0,1.0,0.0,0.0,0.0
50,51,26.93,0.0,0.0,5,5,curling,2,1.0,0.0,0.0,0.0,1.0,0.0,1.0,1.0,0.0,0.0,0.0
51,52,60.83,1.0,0.84,4,2,frisbee,4,1.0,0.0,0.0,0.0,1.0,0.0,1.0,0.0,1.0,0.0,0.0
52,53,48.17,0.5700000000000001,0.77,4,9,table tennis,4,1.0,0.0,0.0,0.0,1.0,0.0,1.0,1.0,0.0,0.0,0.0
53,54,68.66,0.97,0.92,10,8,table tennis,5,1.0,0.0,0.0,0.0,1.0,0.0,1.0,0.0,0.0,0.0,1.0
54,55,20.95,0.29,0.45,6,7,martial arts,5,1.0,0.0,0.0,0.0,1.0,0.0,1.0,0.0,0.0,0.0,1.0
55,56,23.89,0.6,0.24,1,2,football,6,1.0,0.0,0.0,0.0,1.0,0.0,1.0,0.0,0.0,0.0,1.0
56,57,56.82,0.1,0.86,1,0,football,6,1.0,0.0,0.0,0.0,1.0,0.0,1.0,0.0,1.0,0.0,0.0
57,58,42.44,0.78,0.0,6,7,football,3,1.0,0.0,0.0,0.0,1.0,0.0,1.0,1.0,0.0,0.0,0.0
58,59,47.38,0.64,0.8300000000000001,5,3,baseball,3,1.0,0.0,0.0,0.0,1.0,0.0,1.0,0.0,0.0,1.0,0.0
59,60,45.71,0.11,0.94,5,0,martial arts,3,1.0,0.0,0.0,0.0,1.0,0.0,1.0,0.0,0.0,1.0,0.0
60,61,42.02,0.33,0.95,4,7,frisbee,3,1.0,0.0,0.0,0.0,1.0,1.0,0.0,0.0,1.0,0.0,0.0
61,62,34.800000000000004,0.37,0.87,4,5,basketball,2,1.0,0.0,0.0,0.0,1.0,1.0,0.0,0.0,0.0,0.0,1.0
62,63,40.25,0.03,0.91,7,9,curling,3,1.0,0.0,0.0,0.0,1.0,0.0,1.0,0.0,1.0,0.0,0.0
63,64,50.44,0.44,0.65,10,12,martial arts,2,1.0,0.0,0.0,0.0,1.0,0.0,1.0,0.0,1.0,0.0,0.0
64,65,35.13,0.81,0.08,2,0,football,4,1.0,0.0,0.0,0.0,1.0,0.0,1.0,0.0,1.0,0.0,0.0
65,66,31.93,0.04,0.28,8,7,table tennis,1,1.0,0.0,0.0,0.0,1.0,0.0,1.0,0.0,1.0,0.0,0.0
66,67,98.03,0.0,0.29,1,1,football,6,1.0,0.0,0.0,0.0,1.0,0.0,1.0,1.0,0.0,0.0,0.0
67,68,30.37,0.96,0.2,5,9,gymnastics,4,1.0,0.0,0.0,0.0,1.0,0.0,1.0,0.0,0.0,0.0,1.0
68,69,59.72,1.0,0.89,7,10,football,5,1.0,0.0,0.0,0.0,1.0,0.0,1.0,0.0,1.0,0.0,0.0
69,70,34.86,1.0,0.0,7,0,gymnastics,3,1.0,0.0,0.0,0.0,1.0,0.0,1.0,0.0,0.0,0.0,1.0
70,71,27.96,0.0,0.39,9,2,curling,1,1.0,0.0,0.0,0.0,1.0,0.0,1.0,0.0,1.0,0.0,0.0
71,72,14.11,0.19,0.27,5,3,curling,3,1.0,0.0,0.0,0.0,1.0,1.0,0.0,0.0,1.0,0.0,0.0
72,73,49.09,0.44,1.0,8,3,table tennis,4,1.0,0.0,0.0,0.0,1.0,0.0,1.0,0.0,0.0,0.0,1.0
73,74,49.77,0.93,0.48,10,9,football,5,1.0,0.0,0.0,0.0,1.0,1.0,0.0,0.0,0.0,0.0,1.0
74,75,7.38,0.27,0.18,1,0,football,5,1.0,0.0,0.0,0.0,1.0,0.0,1.0,0.0,0.0,0.0,1.0
75,76,16.62,0.87,0.0,6,2,baseball,4,1.0,0.0,0.0,0.0,1.0,0.0,1.0,0.0,0.0,0.0,1.0
76,77,29.03,0.37,0.0,7,8,baseball,2,1.0,0.0,0.0,0.0,1.0,0.0,1.0,0.0,0.0,1.0,0.0
77,78,25.0,0.94,0.0,3,0,curling,6,1.0,0.0,0.0,0.0,1.0,0.0,1.0,0.0,1.0,0.0,0.0
78,79,20.47,0.1,0.0,2,4,football,3,1.0,0.0,0.0,0.0,1.0,0.0,1.0,0.0,1.0,0.0,0.0
79,80,37.33,0.8,0.0,5,8,curling,5,1.0,0.0,0.0,0.0,1.0,0.0,1.0,1.0,0.0,0.0,0.0
80,81,76.51,1.0,1.0,9,2,curling,3,1.0,0.0,0.0,0.0,1.0,0.0,1.0,0.0,0.0,1.0,0.0
81,82,64.48,0.96,0.93,4,7,martial arts,4,1.0,0.0,0.0,0.0,1.0,0.0,1.0,0.0,0.0,0.0,1.0
82,83,57.85,1.0,0.56,7,7,martial arts,6,1.0,0.0,0.0,0.0,1.0,0.0,1.0,0.0,0.0,0.0,1.0
83,84,36.01,0.96,0.12,3,6,martial arts,4,1.0,0.0,0.0,0.0,1.0,0.0,1.0,0.0,0.0,0.0,1.0
84,85,31.85,0.54,0.0,9,11,curling,4,1.0,0.0,0.0,0.0,1.0,0.0,1.0,0.0,1.0,0.0,0.0
85,86,47.84,0.91,0.0,10,12,martial arts,3,1.0,0.0,0.0,0.0,1.0,0.0,1.0,0.0,0.0,0.0,1.0
86,87,35.19,0.5,0.14,6,8,baseball,4,1.0,0.0,0.0,0.0,1.0,0.0,1.0,0.0,0.0,1.0,0.0
87,88,18.67,0.0,0.18,1,2,football,3,1.0,0.0,0.0,0.0,1.0,0.0,1.0,0.0,0.0,1.0,0.0
88,89,70.69,0.71,1.0,6,6,basketball,3,1.0,0.0,0.0,0.0,1.0,0.0,1.0,0.0,0.0,0.0,1.0
89,90,68.32000000000001,1.0,0.81,9,10,frisbee,2,1.0,0.0,0.0,0.0,1.0,0.0,1.0,0.0,0.0,1.0,0.0
90,91,34.47,0.99,0.0,7,6,baseball,6,1.0,0.0,1.0,0.0,0.0,0.0,1.0,0.0,0.0,0.0,1.0
91,92,9.11,0.21,0.72,3,11,basketball,3,1.0,0.0,1.0,0.0,0.0,1.0,0.0,0.0,0.0,1.0,0.0
92,93,18.45,0.0,0.19,2,0,curling,6,1.0,0.0,1.0,0.0,0.0,0.0,1.0,1.0,0.0,0.0,0.0
93,94,24.93,0.84,0.0,8,3,football,6,1.0,0.0,1.0,0.0,0.0,0.0,1.0,0.0,1.0,0.0,0.0
94,95,68.27,0.97,1.0,3,9,curling,3,1.0,0.0,1.0,0.0,0.0,0.0,1.0,0.0,1.0,0.0,0.0
95,96,48.13,0.98,0.27,7,7,martial arts,3,1.0,0.0,1.0,0.0,0.0,0.0,1.0,0.0,0.0,0.0,1.0
96,97,61.3,0.91,0.86,7,2,martial arts,4,1.0,0.0,1.0,0.0,0.0,0.0,1.0,1.0,0.0,0.0,0.0
97,98,36.58,1.0,0.44,7,10,curling,4,1.0,0.0,1.0,0.0,0.0,1.0,0.0,0.0,0.0,1.0,0.0
98,99,47.5,0.45,0.91,8,12,table tennis,1,1.0,0.0,1.0,0.0,0.0,0.0,1.0,0.0,0.0,1.0,0.0
99,100,64.07000000000001,1.0,0.52,10,7,gymnastics,5,1.0,0.0,1.0,0.0,0.0,0.0,1.0,0.0,0.0,0.0,1.0
100,101,24.22,0.41,0.43,8,7,baseball,4,1.0,0.0,0.0,0.0,1.0,0.0,1.0,1.0,0.0,0.0,0.0
101,102,49.4,1.0,0.24,8,4,martial arts,3,1.0,0.0,0.0,0.0,1.0,0.0,1.0,0.0,0.0,0.0,1.0
102,103,30.7,0.0,0.99,6,4,curling,4,1.0,0.0,0.0,0.0,1.0,1.0,0.0,0.0,1.0,0.0,0.0
103,104,38.55,0.51,0.78,9,7,table tennis,2,1.0,0.0,0.0,0.0,1.0,0.0,1.0,0.0,0.0,1.0,0.0
104,105,16.91,0.65,0.29,0,3,baseball,5,1.0,0.0,0.0,0.0,1.0,0.0,1.0,0.0,1.0,0.0,0.0
105,106,39.32,0.9,0.23,2,0,frisbee,3,1.0,0.0,0.0,0.0,1.0,0.0,1.0,0.0,1.0,0.0,0.0
106,107,29.46,0.0,0.42,5,9,football,3,1.0,0.0,0.0,0.0,1.0,0.0,1.0,0.0,1.0,0.0,0.0
107,108,87.41,1.0,1.0,10,9,frisbee,4,1.0,0.0,0.0,0.0,1.0,0.0,1.0,0.0,1.0,0.0,0.0
108,109,0.0,0.0,0.9,4,5,baseball,5,1.0,0.0,0.0,0.0,1.0,0.0,1.0,0.0,0.0,0.0,1.0
109,110,0.0,0.04,0.19,6,1,baseball,3,1.0,0.0,0.0,0.0,1.0,0.0,1.0,0.0,0.0,0.0,1.0
110,111,20.15,0.33,0.68,7,10,table tennis,3,1.0,0.0,0.0,0.0,1.0,0.0,1.0,0.0,0.0,0.0,1.0
111,112,1.94,0.12,0.72,3,5,table tennis,2,1.0,0.0,0.0,0.0,1.0,0.0,1.0,0.0,0.0,0.0,1.0
112,113,49.84,1.0,0.67,10,6,gymnastics,5,1.0,0.0,0.0,0.0,1.0,0.0,1.0,0.0,0.0,0.0,1.0
113,114,31.14,0.5,0.56,4,5,martial arts,3,1.0,0.0,0.0,0.0,1.0,0.0,1.0,0.0,0.0,0.0,1.0
114,115,0.0,0.4,0.07,3,4,baseball,3,1.0,0.0,0.0,0.0,1.0,1.0,0.0,0.0,1.0,0.0,0.0
115,116,0.0,0.14,0.0,3,1,football,2,1.0,0.0,0.0,0.0,1.0,0.0,1.0,0.0,1.0,0.0,0.0
116,117,0.0,0.0,0.0,3,0,martial arts,3,1.0,0.0,0.0,0.0,1.0,0.0,1.0,1.0,0.0,0.0,0.0
117,118,24.79,0.06,0.97,1,10,basketball,2,1.0,0.0,0.0,0.0,1.0,0.0,1.0,0.0,0.0,1.0,0.0
118,119,27.73,0.84,0.59,6,3,baseball,5,1.0,0.0,0.0,0.0,1.0,0.0,1.0,0.0,1.0,0.0,0.0
119,120,29.27,0.12,1.0,0,2,table tennis,4,1.0,0.0,0.0,0.0,1.0,0.0,1.0,0.0,0.0,0.0,1.0
120,121,26.73,0.0,1.0,4,8,football,3,1.0,0.0,1.0,0.0,0.0,1.0,0.0,0.0,0.0,1.0,0.0
121,122,71.66,1.0,0.96,3,2,frisbee,4,1.0,0.0,1.0,0.0,0.0,0.0,1.0,0.0,1.0,0.0,0.0
122,123,29.48,0.12,0.17,0,2,basketball,5,1.0,0.0,1.0,0.0,0.0,0.0,1.0,1.0,0.0,0.0,0.0
123,124,31.9,0.5700000000000001,0.07,8,4,gymnastics,5,1.0,0.0,1.0,0.0,0.0,0.0,1.0,1.0,0.0,0.0,0.0
124,125,67.49,1.0,1.0,1,9,table tennis,6,1.0,0.0,1.0,0.0,0.0,0.0,1.0,0.0,0.0,0.0,1.0
125,126,47.47,0.87,0.7000000000000001,6,10,basketball,3,1.0,0.0,1.0,0.0,0.0,1.0,0.0,0.0,0.0,1.0,0.0
126,127,23.52,0.0,0.0,4,5,martial arts,3,1.0,0.0,1.0,0.0,0.0,0.0,1.0,0.0,0.0,0.0,1.0
127,128,6.59,0.0,0.01,2,2,curling,3,1.0,0.0,1.0,0.0,0.0,0.0,1.0,0.0,1.0,0.0,0.0
128,129,92.12,0.91,1.0,10,9,martial arts,8,1.0,0.0,1.0,0.0,0.0,0.0,1.0,0.0,1.0,0.0,0.0
129,130,17.84,0.0,0.26,0,1,curling,6,1.0,0.0,1.0,0.0,0.0,0.0,1.0,1.0,0.0,0.0,0.0
130,131,38.97,0.56,0.64,5,8,basketball,3,1.0,0.0,0.0,1.0,0.0,0.0,1.0,0.0,1.0,0.0,0.0
131,132,77.16,0.87,1.0,9,4,frisbee,2,1.0,0.0,0.0,1.0,0.0,0.0,1.0,0.0,1.0,0.0,0.0
132,133,65.78,0.86,1.0,5,9,frisbee,4,1.0,0.0,0.0,1.0,0.0,0.0,1.0,0.0,0.0,1.0,0.0
133,134,4.51,0.26,0.0,1,5,football,3,1.0,0.0,0.0,1.0,0.0,0.0,1.0,0.0,0.0,0.0,1.0
134,135,30.23,1.0,0.04,9,11,baseball,4,1.0,0.0,0.0,1.0,0.0,0.0,1.0,0.0,0.0,0.0,1.0
135,136,7.28,0.08,0.0,0,7,martial arts,7,1.0,0.0,0.0,1.0,0.0,0.0,1.0,0.0,0.0,0.0,1.0
136,137,73.42,1.0,0.95,8,10,baseball,4,1.0,0.0,0.0,1.0,0.0,1.0,0.0,0.0,0.0,1.0,0.0
137,138,78.89,1.0,1.0,8,3,martial arts,4,1.0,0.0,0.0,1.0,0.0,0.0,1.0,0.0,1.0,0.0,0.0
138,139,8.43,0.0,0.0,6,9,baseball,5,1.0,0.0,0.0,1.0,0.0,0.0,1.0,0.0,0.0,0.0,1.0
139,140,28.75,1.0,0.0,8,9,baseball,6,1.0,0.0,0.0,1.0,0.0,0.0,1.0,1.0,0.0,0.0,0.0
140,141,25.93,0.0,0.79,1,7,football,3,1.0,0.0,1.0,0.0,0.0,0.0,1.0,0.0,1.0,0.0,0.0
141,142,38.95,0.03,0.0,5,5,martial arts,2,1.0,0.0,1.0,0.0,0.0,1.0,0.0,1.0,0.0,0.0,0.0
142,143,49.83,0.98,0.28,10,4,baseball,3,1.0,0.0,1.0,0.0,0.0,1.0,0.0,1.0,0.0,0.0,0.0
143,144,83.22,0.87,1.0,9,9,table tennis,3,1.0,0.0,1.0,0.0,0.0,0.0,1.0,0.0,0.0,1.0,0.0
144,145,41.94,0.55,0.73,3,11,baseball,3,1.0,0.0,1.0,0.0,0.0,0.0,1.0,0.0,0.0,1.0,0.0
145,146,76.89,0.67,1.0,6,7,frisbee,2,1.0,0.0,1.0,0.0,0.0,0.0,1.0,0.0,0.0,1.0,0.0
146,147,22.72,0.0,1.0,4,10,table tennis,3,1.0,0.0,1.0,0.0,0.0,0.0,1.0,0.0,0.0,1.0,0.0
147,148,15.72,0.0,0.3,2,3,football,3,1.0,0.0,1.0,0.0,0.0,0.0,1.0,0.0,0.0,0.0,1.0
148,149,33.06,0.58,0.8,3,2,table tennis,3,1.0,0.0,1.0,0.0,0.0,0.0,1.0,1.0,0.0,0.0,0.0
149,150,26.75,0.0,0.8,4,12,baseball,3,1.0,0.0,1.0,0.0,0.0,1.0,0.0,0.0,1.0,0.0,0.0
150,151,4.44,0.33,0.08,6,11,table tennis,5,1.0,0.0,0.0,0.0,1.0,0.0,1.0,0.0,1.0,0.0,0.0
151,152,0.0,0.61,0.0,2,1,gymnastics,5,1.0,0.0,0.0,0.0,1.0,0.0,1.0,0.0,0.0,0.0,1.0
152,153,3.44,0.21,0.16,5,3,baseball,3,1.0,0.0,0.0,0.0,1.0,1.0,0.0,0.0,1.0,0.0,0.0
153,154,27.81,0.74,0.2,7,3,curling,4,1.0,0.0,0.0,0.0,1.0,0.0,1.0,0.0,0.0,0.0,1.0
154,155,23.11,0.91,0.01,7,10,table tennis,3,1.0,0.0,0.0,0.0,1.0,1.0,0.0,0.0,0.0,0.0,1.0
155,156,43.73,0.89,0.0,10,9,baseball,3,1.0,0.0,0.0,0.0,1.0,0.0,1.0,0.0,1.0,0.0,0.0
156,157,33.03,0.6,0.5,4,8,gymnastics,5,1.0,0.0,0.0,0.0,1.0,1.0,0.0,0.0,0.0,0.0,1.0
157,158,0.86,0.48,0.0,5,0,martial arts,3,1.0,0.0,0.0,0.0,1.0,0.0,1.0,0.0,0.0,0.0,1.0
158,159,0.0,0.0,0.67,2,5,baseball,6,1.0,0.0,0.0,0.0,1.0,0.0,1.0,0.0,1.0,0.0,0.0
159,160,18.47,0.38,1.0,4,1,curling,4,1.0,0.0,0.0,0.0,1.0,0.0,1.0,0.0,0.0,0.0,1.0
160,161,56.56,0.48,0.94,9,5,frisbee,2,1.0,0.0,0.0,0.0,1.0,0.0,1.0,0.0,0.0,1.0,0.0
161,162,48.68,1.0,0.09,9,8,football,3,1.0,0.0,0.0,0.0,1.0,0.0,1.0,0.0,0.0,0.0,1.0
162,163,49.07,0.66,0.88,5,0,frisbee,4,1.0,0.0,0.0,0.0,1.0,0.0,1.0,1.0,0.0,0.0,0.0
163,164,70.62,0.85,1.0,7,8,table tennis,3,1.0,0.0,0.0,0.0,1.0,0.0,1.0,0.0,0.0,0.0,1.0
164,165,34.230000000000004,0.68,0.03,3,1,curling,5,1.0,0.0,0.0,0.0,1.0,0.0,1.0,1.0,0.0,0.0,0.0
165,166,40.61,0.14,0.9,9,11,gymnastics,3,1.0,0.0,0.0,0.0,1.0,0.0,1.0,0.0,0.0,1.0,0.0
166,167,23.13,0.0,0.73,4,3,table tennis,3,1.0,0.0,0.0,0.0,1.0,0.0,1.0,1.0,0.0,0.0,0.0
167,168,12.62,0.0,0.0,2,4,martial arts,2,1.0,0.0,0.0,0.0,1.0,1.0,0.0,0.0,1.0,0.0,0.0
168,169,38.75,0.8200000000000001,0.0,2,4,gymnastics,3,1.0,0.0,0.0,0.0,1.0,1.0,0.0,0.0,0.0,1.0,0.0
169,170,61.75,0.74,1.0,7,10,curling,5,1.0,0.0,0.0,0.0,1.0,1.0,0.0,0.0,1.0,0.0,0.0
170,171,49.41,0.95,0.8200000000000001,5,1,frisbee,3,1.0,0.0,0.0,0.0,1.0,0.0,1.0,1.0,0.0,0.0,0.0
171,172,47.31,0.47,1.0,2,6,martial arts,3,1.0,0.0,0.0,0.0,1.0,0.0,1.0,0.0,1.0,0.0,0.0
172,173,27.0,1.0,0.36,5,5,football,3,1.0,0.0,0.0,0.0,1.0,0.0,1.0,0.0,0.0,1.0,0.0
173,174,14.15,0.15,1.0,2,12,frisbee,4,1.0,0.0,0.0,0.0,1.0,0.0,1.0,0.0,0.0,0.0,1.0
174,175,0.0,0.21,0.0,5,1,football,4,1.0,0.0,0.0,0.0,1.0,1.0,0.0,0.0,0.0,0.0,1.0
175,176,39.96,0.92,0.5700000000000001,7,6,curling,5,1.0,0.0,0.0,0.0,1.0,0.0,1.0,1.0,0.0,0.0,0.0
176,177,17.03,1.0,0.07,3,1,martial arts,4,1.0,0.0,0.0,0.0,1.0,1.0,0.0,0.0,0.0,0.0,1.0
177,178,28.88,0.56,0.6,1,9,curling,4,1.0,0.0,0.0,0.0,1.0,0.0,1.0,0.0,0.0,1.0,0.0
178,179,24.16,0.26,0.79,0,7,table tennis,3,1.0,0.0,0.0,0.0,1.0,0.0,1.0,0.0,1.0,0.0,0.0
179,180,61.31,1.0,0.99,2,9,frisbee,7,1.0,0.0,0.0,0.0,1.0,0.0,1.0,0.0,0.0,0.0,1.0
180,181,17.04,0.0,0.06,4,8,football,2,1.0,0.0,0.0,0.0,1.0,0.0,1.0,0.0,1.0,0.0,0.0
181,182,38.32,0.88,0.81,6,10,baseball,6,1.0,0.0,0.0,0.0,1.0,1.0,0.0,0.0,1.0,0.0,0.0
182,183,26.94,0.25,0.87,6,7,frisbee,3,1.0,0.0,0.0,0.0,1.0,0.0,1.0,0.0,0.0,1.0,0.0
183,184,29.94,0.85,0.26,6,10,football,3,1.0,0.0,0.0,0.0,1.0,0.0,1.0,0.0,1.0,0.0,0.0
184,185,50.25,0.94,0.4,7,8,martial arts,3,1.0,0.0,0.0,0.0,1.0,0.0,1.0,0.0,1.0,0.0,0.0
185,186,19.04,0.27,0.2,5,4,curling,3,1.0,0.0,0.0,0.0,1.0,0.0,1.0,0.0,1.0,0.0,0.0
186,187,15.5,0.0,0.8,1,0,basketball,1,1.0,0.0,0.0,0.0,1.0,0.0,1.0,0.0,1.0,0.0,0.0
187,188,11.33,0.87,0.0,7,0,curling,5,1.0,0.0,0.0,0.0,1.0,0.0,1.0,1.0,0.0,0.0,0.0
188,189,0.0,0.01,0.21,4,3,baseball,5,1.0,0.0,0.0,0.0,1.0,0.0,1.0,1.0,0.0,0.0,0.0
189,190,73.01,1.0,1.0,9,11,curling,6,1.0,0.0,0.0,0.0,1.0,0.0,1.0,0.0,1.0,0.0,0.0
190,191,41.2,1.0,0.28,0,2,table tennis,6,1.0,0.0,1.0,0.0,0.0,0.0,1.0,0.0,1.0,0.0,0.0
191,192,50.2,0.68,0.76,2,4,frisbee,6,1.0,0.0,1.0,0.0,0.0,0.0,1.0,0.0,1.0,0.0,0.0
192,193,38.53,0.0,0.11,8,7,football,2,1.0,0.0,1.0,0.0,0.0,0.0,1.0,0.0,0.0,1.0,0.0
193,194,63.09,0.79,1.0,4,10,table tennis,2,1.0,0.0,1.0,0.0,0.0,1.0,0.0,0.0,0.0,1.0,0.0
194,195,30.9,0.58,0.0,3,8,football,5,1.0,0.0,1.0,0.0,0.0,0.0,1.0,0.0,0.0,0.0,1.0
195,196,60.25,0.56,0.95,3,12,martial arts,3,1.0,0.0,1.0,0.0,0.0,0.0,1.0,0.0,0.0,1.0,0.0
196,197,76.12,1.0,0.97,9,12,table tennis,4,1.0,0.0,1.0,0.0,0.0,0.0,1.0,0.0,1.0,0.0,0.0
197,198,23.92,0.0,0.0,4,6,table tennis,3,1.0,0.0,1.0,0.0,0.0,0.0,1.0,0.0,0.0,0.0,1.0
198,199,42.51,1.0,0.16,5,1,football,6,1.0,0.0,1.0,0.0,0.0,0.0,1.0,0.0,0.0,0.0,1.0
199,200,26.91,0.03,0.21,7,5,football,2,1.0,0.0,1.0,0.0,0.0,0.0,1.0,0.0,0.0,0.0,1.0
200,201,48.43,0.44,0.94,8,11,frisbee,5,1.0,0.0,0.0,0.0,1.0,1.0,0.0,0.0,0.0,1.0,0.0
201,202,84.23,0.96,1.0,9,9,martial arts,4,1.0,0.0,0.0,0.0,1.0,0.0,1.0,0.0,1.0,0.0,0.0
202,203,34.42,0.5,0.0,6,1,table tennis,5,1.0,0.0,0.0,0.0,1.0,0.0,1.0,1.0,0.0,0.0,0.0
203,204,37.6,0.63,0.5700000000000001,5,2,martial arts,4,1.0,0.0,0.0,0.0,1.0,0.0,1.0,0.0,0.0,0.0,1.0
204,205,21.94,0.55,0.0,4,6,table tennis,3,1.0,0.0,0.0,0.0,1.0,0.0,1.0,0.0,0.0,0.0,1.0
205,206,45.76,0.85,0.0,10,6,gymnastics,4,1.0,0.0,0.0,0.0,1.0,0.0,1.0,0.0,1.0,0.0,0.0
206,207,41.38,1.0,0.18,7,6,gymnastics,6,1.0,0.0,0.0,0.0,1.0,0.0,1.0,1.0,0.0,0.0,0.0
207,208,34.21,0.0,0.02,3,11,curling,4,1.0,0.0,0.0,0.0,1.0,0.0,1.0,1.0,0.0,0.0,0.0
208,209,0.0,0.06,0.0,2,2,football,5,1.0,0.0,0.0,0.0,1.0,0.0,1.0,0.0,1.0,0.0,0.0
209,210,29.94,0.32,0.0,5,2,table tennis,3,1.0,0.0,0.0,0.0,1.0,0.0,1.0,0.0,0.0,0.0,1.0
210,211,53.54,0.88,1.0,1,1,basketball,3,1.0,0.0,0.0,1.0,0.0,0.0,1.0,0.0,0.0,1.0,0.0
211,212,5.43,0.07,0.79,5,3,basketball,3,1.0,0.0,0.0,1.0,0.0,0.0,1.0,0.0,0.0,0.0,1.0
212,213,0.0,0.14,0.0,0,6,baseball,4,1.0,0.0,0.0,1.0,0.0,0.0,1.0,1.0,0.0,0.0,0.0
213,214,19.58,0.84,0.48,5,1,baseball,4,1.0,0.0,0.0,1.0,0.0,0.0,1.0,1.0,0.0,0.0,0.0
214,215,25.29,0.0,1.0,0,6,basketball,3,1.0,0.0,0.0,1.0,0.0,0.0,1.0,0.0,0.0,0.0,1.0
215,216,26.15,0.18,1.0,7,3,table tennis,3,1.0,0.0,0.0,1.0,0.0,0.0,1.0,0.0,0.0,0.0,1.0
216,217,10.62,1.0,0.0,5,2,gymnastics,5,1.0,0.0,0.0,1.0,0.0,0.0,1.0,1.0,0.0,0.0,0.0
217,218,0.0,0.01,0.04,0,0,baseball,4,1.0,0.0,0.0,1.0,0.0,0.0,1.0,0.0,1.0,0.0,0.0
218,219,0.0,0.28,0.0,5,11,curling,6,1.0,0.0,0.0,1.0,0.0,0.0,1.0,1.0,0.0,0.0,0.0
219,220,62.75,0.73,1.0,9,10,baseball,3,1.0,0.0,0.0,1.0,0.0,0.0,1.0,0.0,1.0,0.0,0.0
220,221,0.0,0.0,0.07,0,3,baseball,3,1.0,0.0,0.0,0.0,1.0,0.0,1.0,0.0,0.0,0.0,1.0
221,222,0.0,0.08,0.73,5,2,football,3,1.0,0.0,0.0,0.0,1.0,0.0,1.0,0.0,0.0,0.0,1.0
222,223,0.0,0.07,0.22,5,0,curling,2,1.0,0.0,0.0,0.0,1.0,1.0,0.0,1.0,0.0,0.0,0.0
223,224,36.34,0.44,0.98,4,9,table tennis,3,1.0,0.0,0.0,0.0,1.0,0.0,1.0,0.0,1.0,0.0,0.0
224,225,9.86,0.04,0.13,4,4,basketball,2,1.0,0.0,0.0,0.0,1.0,0.0,1.0,0.0,0.0,0.0,1.0
225,226,61.97,0.86,1.0,6,10,table tennis,6,1.0,0.0,0.0,0.0,1.0,0.0,1.0,0.0,0.0,1.0,0.0
226,227,22.01,0.41,0.56,7,12,martial arts,5,1.0,0.0,0.0,0.0,1.0,1.0,0.0,0.0,0.0,0.0,1.0
227,228,74.69,1.0,1.0,9,12,table tennis,4,1.0,0.0,0.0,0.0,1.0,0.0,1.0,0.0,0.0,1.0,0.0
228,229,26.84,1.0,0.01,10,8,curling,3,1.0,0.0,0.0,0.0,1.0,0.0,1.0,0.0,0.0,0.0,1.0
229,230,0.0,0.0,0.0,1,0,football,5,1.0,0.0,0.0,0.0,1.0,0.0,1.0,0.0,0.0,0.0,1.0
230,231,54.81,0.84,0.75,5,8,table tennis,3,1.0,0.0,1.0,0.0,0.0,0.0,1.0,0.0,0.0,1.0,0.0
231,232,47.27,0.84,0.24,6,12,baseball,5,1.0,0.0,1.0,0.0,0.0,0.0,1.0,0.0,1.0,0.0,0.0
232,233,44.24,1.0,0.05,5,12,gymnastics,5,1.0,0.0,1.0,0.0,0.0,0.0,1.0,0.0,0.0,1.0,0.0
233,234,5.83,0.27,0.13,1,0,football,5,1.0,0.0,1.0,0.0,0.0,0.0,1.0,0.0,0.0,0.0,1.0
234,235,84.17,1.0,0.99,7,8,basketball,5,1.0,0.0,1.0,0.0,0.0,0.0,1.0,0.0,1.0,0.0,0.0
235,236,56.83,0.95,0.58,6,12,frisbee,4,1.0,0.0,1.0,0.0,0.0,0.0,1.0,0.0,0.0,0.0,1.0
236,237,47.77,0.73,0.22,4,9,curling,3,1.0,0.0,1.0,0.0,0.0,0.0,1.0,0.0,0.0,0.0,1.0
237,238,46.78,0.55,0.03,10,8,curling,3,1.0,0.0,1.0,0.0,0.0,0.0,1.0,0.0,1.0,0.0,0.0
238,239,38.11,0.84,0.0,3,10,curling,4,1.0,0.0,1.0,0.0,0.0,0.0,1.0,0.0,0.0,1.0,0.0
239,240,41.6,0.5,0.64,5,0,martial arts,3,1.0,0.0,1.0,0.0,0.0,0.0,1.0,0.0,1.0,0.0,0.0
240,241,76.34,1.0,0.92,7,6,martial arts,4,1.0,0.0,1.0,0.0,0.0,0.0,1.0,0.0,1.0,0.0,0.0
241,242,13.6,0.0,0.5,1,3,martial arts,5,1.0,0.0,1.0,0.0,0.0,0.0,1.0,1.0,0.0,0.0,0.0
242,243,40.58,1.0,0.12,8,10,football,5,1.0,0.0,1.0,0.0,0.0,0.0,1.0,0.0,0.0,0.0,1.0
243,244,54.15,0.23,1.0,9,11,football,3,1.0,0.0,1.0,0.0,0.0,0.0,1.0,0.0,1.0,0.0,0.0
244,245,32.37,0.17,0.74,8,10,curling,2,1.0,0.0,1.0,0.0,0.0,0.0,1.0,0.0,1.0,0.0,0.0
245,246,32.08,0.85,0.54,0,1,martial arts,5,1.0,0.0,1.0,0.0,0.0,0.0,1.0,1.0,0.0,0.0,0.0
246,247,0.0,0.03,0.38,0,0,curling,5,1.0,0.0,1.0,0.0,0.0,0.0,1.0,1.0,0.0,0.0,0.0
247,248,52.64,0.39,1.0,4,5,basketball,3,1.0,0.0,1.0,0.0,0.0,0.0,1.0,0.0,1.0,0.0,0.0
248,249,26.58,0.43,0.11,9,9,table tennis,5,1.0,0.0,1.0,0.0,0.0,0.0,1.0,1.0,0.0,0.0,0.0
249,250,24.35,0.32,0.73,4,6,gymnastics,1,1.0,0.0,1.0,0.0,0.0,0.0,1.0,0.0,0.0,1.0,0.0
250,251,55.28,0.72,0.84,7,4,curling,3,1.0,0.0,0.0,0.0,1.0,0.0,1.0,0.0,0.0,0.0,1.0
251,252,40.06,0.32,0.27,2,6,baseball,3,1.0,0.0,0.0,0.0,1.0,0.0,1.0,0.0,0.0,1.0,0.0
252,253,57.56,0.88,0.61,4,2,frisbee,1,1.0,0.0,0.0,0.0,1.0,1.0,0.0,0.0,0.0,1.0,0.0
253,254,49.83,0.0,1.0,2,10,martial arts,3,1.0,0.0,0.0,0.0,1.0,0.0,1.0,0.0,0.0,1.0,0.0
254,255,54.03,0.97,0.0,7,5,martial arts,4,1.0,0.0,0.0,0.0,1.0,0.0,1.0,1.0,0.0,0.0,0.0
255,256,52.77,1.0,0.15,10,8,table tennis,3,1.0,0.0,0.0,0.0,1.0,0.0,1.0,0.0,1.0,0.0,0.0
256,257,47.0,0.48,0.87,1,2,frisbee,3,1.0,0.0,0.0,0.0,1.0,0.0,1.0,0.0,0.0,1.0,0.0
257,258,51.8,0.43,0.07,3,1,basketball,4,1.0,0.0,0.0,0.0,1.0,0.0,1.0,0.0,0.0,0.0,1.0
258,259,61.48,0.04,0.51,0,0,martial arts,2,1.0,0.0,0.0,0.0,1.0,0.0,1.0,0.0,0.0,1.0,0.0
259,260,46.0,0.12,0.78,3,8,frisbee,3,1.0,0.0,0.0,0.0,1.0,0.0,1.0,0.0,1.0,0.0,0.0
260,261,33.57,0.0,1.0,2,12,curling,2,1.0,0.0,0.0,0.0,1.0,0.0,1.0,0.0,0.0,1.0,0.0
261,262,62.43,0.78,1.0,6,12,baseball,3,1.0,0.0,0.0,0.0,1.0,0.0,1.0,0.0,0.0,1.0,0.0
262,263,27.88,0.22,0.32,10,0,table tennis,5,1.0,0.0,0.0,0.0,1.0,1.0,0.0,0.0,0.0,0.0,1.0
263,264,64.43,1.0,0.87,6,10,martial arts,3,1.0,0.0,0.0,0.0,1.0,0.0,1.0,0.0,1.0,0.0,0.0
264,265,29.11,0.07,0.03,5,0,gymnastics,1,1.0,0.0,0.0,0.0,1.0,1.0,0.0,0.0,0.0,0.0,1.0
265,266,24.57,1.0,0.13,6,0,gymnastics,6,1.0,0.0,0.0,0.0,1.0,0.0,1.0,1.0,0.0,0.0,0.0
266,267,34.96,0.15,0.77,2,8,baseball,5,1.0,0.0,0.0,0.0,1.0,0.0,1.0,0.0,0.0,0.0,1.0
267,268,67.95,1.0,0.8300000000000001,8,8,table tennis,3,1.0,0.0,0.0,0.0,1.0,0.0,1.0,0.0,0.0,1.0,0.0
268,269,72.92,0.89,0.92,7,10,martial arts,4,1.0,0.0,0.0,0.0,1.0,0.0,1.0,0.0,0.0,0.0,1.0
269,270,62.65,0.74,0.99,6,8,curling,4,1.0,0.0,0.0,0.0,1.0,0.0,1.0,0.0,1.0,0.0,0.0
270,271,60.46,1.0,0.88,3,12,martial arts,3,1.0,0.0,0.0,0.0,1.0,0.0,1.0,0.0,0.0,0.0,1.0
271,272,25.32,0.0,0.07,1,3,basketball,3,1.0,0.0,0.0,0.0,1.0,0.0,1.0,0.0,0.0,0.0,1.0
272,273,43.12,0.79,0.0,10,4,baseball,6,1.0,0.0,0.0,0.0,1.0,0.0,1.0,0.0,0.0,0.0,1.0
273,274,22.73,0.0,0.48,6,10,gymnastics,5,1.0,0.0,0.0,0.0,1.0,0.0,1.0,0.0,0.0,0.0,1.0
274,275,32.44,0.2,0.6900000000000001,5,7,martial arts,2,1.0,0.0,0.0,0.0,1.0,0.0,1.0,0.0,0.0,0.0,1.0
275,276,28.46,0.05,0.06,5,4,table tennis,2,1.0,0.0,0.0,0.0,1.0,0.0,1.0,0.0,1.0,0.0,0.0
276,277,3.22,0.29,0.0,1,3,curling,7,1.0,0.0,0.0,0.0,1.0,0.0,1.0,0.0,0.0,0.0,1.0
277,278,67.72,0.92,1.0,3,8,football,3,1.0,0.0,0.0,0.0,1.0,0.0,1.0,0.0,0.0,1.0,0.0
278,279,45.68,0.89,0.4,7,7,frisbee,4,1.0,0.0,0.0,0.0,1.0,1.0,0.0,0.0,0.0,0.0,1.0
279,280,62.22,0.43,1.0,10,7,frisbee,3,1.0,0.0,0.0,0.0,1.0,0.0,1.0,0.0,0.0,1.0,0.0
280,281,46.29,0.49,0.1,9,6,curling,4,0.0,1.0,1.0,0.0,0.0,0.0,1.0,1.0,0.0,0.0,0.0
281,282,35.69,0.1,1.0,2,2,basketball,3,0.0,1.0,1.0,0.0,0.0,0.0,1.0,0.0,1.0,0.0,0.0
282,283,20.61,0.0,0.09,7,11,curling,3,0.0,1.0,1.0,0.0,0.0,1.0,0.0,0.0,0.0,1.0,0.0
283,284,38.76,0.78,0.0,3,3,curling,6,0.0,1.0,1.0,0.0,0.0,0.0,1.0,1.0,0.0,0.0,0.0
284,285,42.95,0.11,0.98,1,10,basketball,3,0.0,1.0,1.0,0.0,0.0,0.0,1.0,0.0,1.0,0.0,0.0
285,286,72.63,0.92,0.93,8,6,football,6,0.0,1.0,1.0,0.0,0.0,0.0,1.0,0.0,0.0,1.0,0.0
286,287,77.22,0.85,1.0,8,1,frisbee,5,0.0,1.0,1.0,0.0,0.0,0.0,1.0,1.0,0.0,0.0,0.0
287,288,47.86,0.43,0.94,3,3,table tennis,4,0.0,1.0,1.0,0.0,0.0,0.0,1.0,0.0,1.0,0.0,0.0
288,289,55.08,0.77,0.45,7,8,frisbee,5,0.0,1.0,1.0,0.0,0.0,0.0,1.0,1.0,0.0,0.0,0.0
289,290,28.05,0.23,0.13,0,0,basketball,3,0.0,1.0,1.0,0.0,0.0,0.0,1.0,0.0,0.0,0.0,1.0
290,291,49.78,0.85,0.88,0,12,table tennis,4,0.0,1.0,0.0,0.0,1.0,0.0,1.0,0.0,0.0,1.0,0.0
291,292,24.19,0.37,0.0,4,6,baseball,2,0.0,1.0,0.0,0.0,1.0,0.0,1.0,0.0,1.0,0.0,0.0
292,293,44.15,1.0,0.55,6,3,football,4,0.0,1.0,0.0,0.0,1.0,1.0,0.0,0.0,0.0,1.0,0.0
293,294,20.66,0.18,0.0,6,5,baseball,6,0.0,1.0,0.0,0.0,1.0,0.0,1.0,0.0,0.0,0.0,1.0
294,295,46.29,0.51,0.87,9,5,baseball,5,0.0,1.0,0.0,0.0,1.0,0.0,1.0,0.0,0.0,1.0,0.0
295,296,31.34,0.43,0.64,1,8,martial arts,4,0.0,1.0,0.0,0.0,1.0,0.0,1.0,0.0,1.0,0.0,0.0
296,297,45.65,0.32,0.98,1,12,frisbee,4,0.0,1.0,0.0,0.0,1.0,1.0,0.0,0.0,0.0,0.0,1.0
297,298,51.22,0.85,0.47,7,6,martial arts,7,0.0,1.0,0.0,0.0,1.0,1.0,0.0,0.0,0.0,0.0,1.0
298,299,63.0,1.0,1.0,6,7,football,7,0.0,1.0,0.0,0.0,1.0,0.0,1.0,0.0,1.0,0.0,0.0
299,300,46.38,0.92,0.34,8,3,baseball,4,0.0,1.0,0.0,0.0,1.0,1.0,0.0,0.0,1.0,0.0,0.0
300,301,0.0,0.05,0.75,1,4,football,6,0.0,1.0,0.0,0.0,1.0,0.0,1.0,0.0,0.0,0.0,1.0
301,302,0.0,0.0,0.28,3,0,curling,2,0.0,1.0,0.0,0.0,1.0,1.0,0.0,0.0,1.0,0.0,0.0
302,303,0.0,0.34,0.0,3,1,frisbee,3,0.0,1.0,0.0,0.0,1.0,1.0,0.0,1.0,0.0,0.0,0.0
303,304,15.62,0.42,0.25,5,4,frisbee,3,0.0,1.0,0.0,0.0,1.0,0.0,1.0,0.0,1.0,0.0,0.0
304,305,40.84,0.52,0.93,7,6,curling,7,0.0,1.0,0.0,0.0,1.0,0.0,1.0,0.0,1.0,0.0,0.0
305,306,20.42,0.47,0.28,3,7,baseball,6,0.0,1.0,0.0,0.0,1.0,0.0,1.0,1.0,0.0,0.0,0.0
306,307,0.0,0.34,0.07,2,2,gymnastics,4,0.0,1.0,0.0,0.0,1.0,0.0,1.0,0.0,0.0,0.0,1.0
307,308,1.2,0.08,0.0,3,5,frisbee,3,0.0,1.0,0.0,0.0,1.0,1.0,0.0,0.0,1.0,0.0,0.0
308,309,0.0,0.0,0.32,4,3,curling,5,0.0,1.0,0.0,0.0,1.0,0.0,1.0,0.0,1.0,0.0,0.0
309,310,0.0,0.02,0.87,5,12,football,2,0.0,1.0,0.0,0.0,1.0,1.0,0.0,0.0,0.0,1.0,0.0
310,311,0.0,0.0,0.06,3,4,baseball,4,0.0,1.0,0.0,0.0,1.0,0.0,1.0,0.0,1.0,0.0,0.0
311,312,19.39,0.19,0.63,1,4,martial arts,4,0.0,1.0,0.0,0.0,1.0,0.0,1.0,0.0,1.0,0.0,0.0
312,313,36.35,1.0,0.05,0,12,martial arts,5,0.0,1.0,0.0,0.0,1.0,0.0,1.0,1.0,0.0,0.0,0.0
313,314,30.65,0.0,0.03,7,6,curling,2,0.0,1.0,0.0,0.0,1.0,0.0,1.0,0.0,0.0,0.0,1.0
314,315,0.52,0.0,0.22,5,2,frisbee,4,0.0,1.0,0.0,0.0,1.0,0.0,1.0,0.0,0.0,0.0,1.0
315,316,15.83,0.62,0.0,6,5,football,4,0.0,1.0,0.0,0.0,1.0,0.0,1.0,0.0,0.0,0.0,1.0
316,317,0.0,0.01,0.0,1,6,table tennis,3,0.0,1.0,0.0,0.0,1.0,0.0,1.0,0.0,1.0,0.0,0.0
317,318,25.33,1.0,0.0,7,5,baseball,5,0.0,1.0,0.0,0.0,1.0,0.0,1.0,1.0,0.0,0.0,0.0
318,319,21.8,0.76,0.11,1,1,martial arts,3,0.0,1.0,0.0,0.0,1.0,0.0,1.0,0.0,0.0,0.0,1.0
319,320,75.0,1.0,1.0,7,4,frisbee,7,0.0,1.0,0.0,0.0,1.0,1.0,0.0,1.0,0.0,0.0,0.0
320,321,32.6,0.08,0.01,8,5,basketball,3,0.0,1.0,0.0,0.0,1.0,0.0,1.0,1.0,0.0,0.0,0.0
321,322,21.24,0.04,0.73,6,6,baseball,4,0.0,1.0,0.0,0.0,1.0,0.0,1.0,0.0,1.0,0.0,0.0
322,323,32.5,0.07,0.08,4,12,table tennis,2,0.0,1.0,0.0,0.0,1.0,0.0,1.0,1.0,0.0,0.0,0.0
323,324,33.77,0.0,0.55,7,9,table tennis,3,0.0,1.0,0.0,0.0,1.0,0.0,1.0,0.0,0.0,1.0,0.0
324,325,54.71,0.73,0.8,7,10,frisbee,4,0.0,1.0,0.0,0.0,1.0,0.0,1.0,1.0,0.0,0.0,0.0
325,326,48.97,0.6900000000000001,0.81,8,9,baseball,4,0.0,1.0,0.0,0.0,1.0,0.0,1.0,0.0,0.0,0.0,1.0
326,327,42.89,0.41,0.0,8,10,table tennis,5,0.0,1.0,0.0,0.0,1.0,1.0,0.0,0.0,0.0,0.0,1.0
327,328,37.61,0.43,0.9,3,8,football,3,0.0,1.0,0.0,0.0,1.0,0.0,1.0,0.0,0.0,0.0,1.0
328,329,74.55,0.96,1.0,6,9,football,3,0.0,1.0,0.0,0.0,1.0,0.0,1.0,0.0,0.0,1.0,0.0
329,330,23.71,0.34,0.6900000000000001,7,12,football,3,0.0,1.0,0.0,0.0,1.0,0.0,1.0,0.0,0.0,1.0,0.0
330,331,42.29,0.39,0.8200000000000001,10,11,gymnastics,3,0.0,1.0,0.0,1.0,0.0,0.0,1.0,0.0,0.0,0.0,1.0
331,332,71.92,0.88,1.0,3,8,basketball,3,0.0,1.0,0.0,1.0,0.0,0.0,1.0,0.0,1.0,0.0,0.0
332,333,19.45,0.0,0.24,6,7,gymnastics,4,0.0,1.0,0.0,1.0,0.0,1.0,0.0,0.0,1.0,0.0,0.0
333,334,80.24,1.0,0.75,10,11,martial arts,4,0.0,1.0,0.0,1.0,0.0,1.0,0.0,0.0,0.0,0.0,1.0
334,335,0.0,0.15,0.0,7,3,gymnastics,4,0.0,1.0,0.0,1.0,0.0,0.0,1.0,1.0,0.0,0.0,0.0
335,336,25.02,0.03,0.0,6,11,curling,2,0.0,1.0,0.0,1.0,0.0,0.0,1.0,0.0,0.0,0.0,1.0
336,337,0.0,0.05,0.0,0,2,baseball,5,0.0,1.0,0.0,1.0,0.0,0.0,1.0,1.0,0.0,0.0,0.0
337,338,63.48,0.73,0.58,10,9,baseball,2,0.0,1.0,0.0,1.0,0.0,1.0,0.0,0.0,0.0,1.0,0.0
338,339,36.4,1.0,0.29,6,8,table tennis,3,0.0,1.0,0.0,1.0,0.0,0.0,1.0,0.0,1.0,0.0,0.0
339,340,68.05,0.79,0.78,10,10,frisbee,3,0.0,1.0,0.0,1.0,0.0,0.0,1.0,0.0,1.0,0.0,0.0
340,341,29.54,0.0,1.0,2,8,basketball,5,0.0,1.0,0.0,0.0,1.0,1.0,0.0,0.0,1.0,0.0,0.0
341,342,35.09,1.0,0.31,2,4,table tennis,5,0.0,1.0,0.0,0.0,1.0,0.0,1.0,0.0,0.0,0.0,1.0
342,343,61.65,0.51,0.97,10,9,martial arts,4,0.0,1.0,0.0,0.0,1.0,0.0,1.0,0.0,0.0,0.0,1.0
343,344,50.83,0.74,0.67,4,5,basketball,4,0.0,1.0,0.0,0.0,1.0,0.0,1.0,0.0,1.0,0.0,0.0
344,345,71.27,1.0,1.0,3,10,frisbee,5,0.0,1.0,0.0,0.0,1.0,0.0,1.0,0.0,0.0,0.0,1.0
345,346,40.91,0.4,1.0,2,8,baseball,4,0.0,1.0,0.0,0.0,1.0,0.0,1.0,0.0,1.0,0.0,0.0
346,347,4.14,0.0,0.46,0,2,football,4,0.0,1.0,0.0,0.0,1.0,0.0,1.0,0.0,0.0,0.0,1.0
347,348,55.370000000000005,0.96,0.95,1,7,curling,7,0.0,1.0,0.0,0.0,1.0,0.0,1.0,0.0,0.0,1.0,0.0
348,349,53.35,0.85,0.59,8,3,basketball,3,0.0,1.0,0.0,0.0,1.0,1.0,0.0,0.0,1.0,0.0,0.0
349,350,18.94,0.52,0.0,3,5,baseball,4,0.0,1.0,0.0,0.0,1.0,0.0,1.0,0.0,0.0,0.0,1.0
350,351,48.77,0.39,1.0,10,2,curling,3,0.0,1.0,0.0,0.0,1.0,0.0,1.0,0.0,0.0,0.0,1.0
351,352,19.34,0.5,0.02,6,4,table tennis,4,0.0,1.0,0.0,0.0,1.0,0.0,1.0,0.0,0.0,0.0,1.0
352,353,25.79,0.59,0.13,10,2,baseball,3,0.0,1.0,0.0,0.0,1.0,0.0,1.0,0.0,0.0,0.0,1.0
353,354,24.18,0.17,1.0,2,8,frisbee,4,0.0,1.0,0.0,0.0,1.0,0.0,1.0,0.0,0.0,0.0,1.0
354,355,60.23,0.61,1.0,10,11,football,4,0.0,1.0,0.0,0.0,1.0,0.0,1.0,0.0,0.0,0.0,1.0
355,356,0.0,0.0,0.0,4,3,curling,3,0.0,1.0,0.0,0.0,1.0,0.0,1.0,0.0,0.0,0.0,1.0
356,357,0.0,0.0,0.01,0,9,baseball,4,0.0,1.0,0.0,0.0,1.0,0.0,1.0,1.0,0.0,0.0,0.0
357,358,3.77,0.1,0.0,8,4,curling,3,0.0,1.0,0.0,0.0,1.0,0.0,1.0,1.0,0.0,0.0,0.0
358,359,61.34,0.94,0.8300000000000001,7,10,martial arts,2,0.0,1.0,0.0,0.0,1.0,0.0,1.0,0.0,0.0,1.0,0.0
359,360,0.0,0.0,0.2,0,2,frisbee,6,0.0,1.0,0.0,0.0,1.0,0.0,1.0,1.0,0.0,0.0,0.0
360,361,56.41,0.6,0.84,9,9,frisbee,3,0.0,1.0,0.0,0.0,1.0,0.0,1.0,1.0,0.0,0.0,0.0
361,362,24.22,0.96,0.33,2,0,martial arts,6,0.0,1.0,0.0,0.0,1.0,0.0,1.0,0.0,1.0,0.0,0.0
362,363,21.3,0.09,0.45,6,11,frisbee,2,0.0,1.0,0.0,0.0,1.0,0.0,1.0,0.0,1.0,0.0,0.0
363,364,3.2,0.79,0.0,3,5,gymnastics,6,0.0,1.0,0.0,0.0,1.0,0.0,1.0,1.0,0.0,0.0,0.0
364,365,15.38,0.0,0.85,0,8,martial arts,2,0.0,1.0,0.0,0.0,1.0,1.0,0.0,0.0,0.0,0.0,1.0
365,366,39.54,0.07,1.0,1,10,frisbee,4,0.0,1.0,0.0,0.0,1.0,0.0,1.0,0.0,1.0,0.0,0.0
366,367,55.89,1.0,0.94,1,2,martial arts,5,0.0,1.0,0.0,0.0,1.0,0.0,1.0,0.0,0.0,1.0,0.0
367,368,44.91,0.8,0.5700000000000001,3,9,curling,3,0.0,1.0,0.0,0.0,1.0,0.0,1.0,0.0,0.0,1.0,0.0
368,369,25.0,0.8,0.44,2,8,table tennis,5,0.0,1.0,0.0,0.0,1.0,0.0,1.0,0.0,0.0,0.0,1.0
369,370,0.0,0.0,0.01,2,0,football,3,0.0,1.0,0.0,0.0,1.0,0.0,1.0,0.0,0.0,0.0,1.0
370,371,41.96,0.95,0.38,8,6,curling,3,0.0,1.0,0.0,0.0,1.0,0.0,1.0,0.0,0.0,0.0,1.0
371,372,74.02,0.79,1.0,10,8,football,4,0.0,1.0,0.0,0.0,1.0,1.0,0.0,0.0,1.0,0.0,0.0
372,373,25.97,0.84,0.0,6,6,table tennis,3,0.0,1.0,0.0,0.0,1.0,0.0,1.0,0.0,0.0,0.0,1.0
373,374,11.13,0.46,0.32,5,8,baseball,3,0.0,1.0,0.0,0.0,1.0,0.0,1.0,0.0,0.0,0.0,1.0
374,375,26.63,0.0,0.21,6,12,gymnastics,5,0.0,1.0,0.0,0.0,1.0,0.0,1.0,1.0,0.0,0.0,0.0
375,376,40.79,0.49,0.99,1,9,football,4,0.0,1.0,0.0,0.0,1.0,0.0,1.0,0.0,1.0,0.0,0.0
376,377,9.08,0.33,0.0,3,3,curling,4,0.0,1.0,0.0,0.0,1.0,0.0,1.0,1.0,0.0,0.0,0.0
377,378,20.08,0.06,0.97,2,8,baseball,4,0.0,1.0,0.0,0.0,1.0,0.0,1.0,0.0,0.0,0.0,1.0
378,379,29.67,0.2,0.65,2,11,curling,4,0.0,1.0,0.0,0.0,1.0,0.0,1.0,0.0,0.0,0.0,1.0
379,380,76.82000000000001,0.97,1.0,9,7,curling,3,0.0,1.0,0.0,0.0,1.0,0.0,1.0,0.0,1.0,0.0,0.0
380,381,17.23,0.0,0.09,1,3,football,3,0.0,1.0,0.0,0.0,1.0,0.0,1.0,0.0,0.0,1.0,0.0
381,382,23.96,0.24,0.8200000000000001,5,12,table tennis,5,0.0,1.0,0.0,0.0,1.0,1.0,0.0,0.0,0.0,1.0,0.0
382,383,0.0,0.0,0.8,0,6,curling,3,0.0,1.0,0.0,0.0,1.0,0.0,1.0,0.0,0.0,1.0,0.0
383,384,0.0,0.0,0.0,4,5,baseball,3,0.0,1.0,0.0,0.0,1.0,0.0,1.0,0.0,0.0,0.0,1.0
384,385,38.65,0.98,0.06,9,8,table tennis,5,0.0,1.0,0.0,0.0,1.0,0.0,1.0,1.0,0.0,0.0,0.0
385,386,19.97,0.0,0.97,8,12,football,3,0.0,1.0,0.0,0.0,1.0,0.0,1.0,0.0,0.0,1.0,0.0
386,387,68.68,1.0,1.0,1,4,martial arts,3,0.0,1.0,0.0,0.0,1.0,0.0,1.0,0.0,0.0,1.0,0.0
387,388,21.98,0.71,0.0,5,5,football,5,0.0,1.0,0.0,0.0,1.0,1.0,0.0,1.0,0.0,0.0,0.0
388,389,49.94,0.81,0.92,5,4,football,5,0.0,1.0,0.0,0.0,1.0,1.0,0.0,1.0,0.0,0.0,0.0
389,390,0.0,0.03,0.34,5,2,curling,2,0.0,1.0,0.0,0.0,1.0,0.0,1.0,0.0,0.0,1.0,0.0
390,391,33.25,0.09,0.93,1,2,martial arts,3,0.0,1.0,0.0,0.0,1.0,0.0,1.0,0.0,0.0,0.0,1.0
391,392,71.94,1.0,1.0,5,5,basketball,5,0.0,1.0,0.0,0.0,1.0,1.0,0.0,0.0,0.0,0.0,1.0
392,393,18.96,0.0,0.22,6,3,martial arts,7,0.0,1.0,0.0,0.0,1.0,0.0,1.0,1.0,0.0,0.0,0.0
393,394,49.58,0.85,0.48,8,8,football,4,0.0,1.0,0.0,0.0,1.0,0.0,1.0,0.0,0.0,0.0,1.0
394,395,24.04,0.35,0.0,2,2,frisbee,4,0.0,1.0,0.0,0.0,1.0,1.0,0.0,0.0,0.0,0.0,1.0
395,396,16.78,0.0,1.0,2,1,football,3,0.0,1.0,0.0,0.0,1.0,0.0,1.0,0.0,1.0,0.0,0.0
396,397,40.64,1.0,0.0,10,2,gymnastics,4,0.0,1.0,0.0,0.0,1.0,0.0,1.0,1.0,0.0,0.0,0.0
397,398,44.7,0.91,0.05,9,10,table tennis,4,0.0,1.0,0.0,0.0,1.0,0.0,1.0,0.0,0.0,0.0,1.0
398,399,43.07,0.43,0.41,10,9,frisbee,2,0.0,1.0,0.0,0.0,1.0,0.0,1.0,0.0,0.0,1.0,0.0
399,400,17.19,0.11,0.91,0,3,table tennis,2,0.0,1.0,0.0,0.0,1.0,0.0,1.0,0.0,0.0,1.0,0.0
400,401,23.24,0.37,0.17,2,5,table tennis,4,0.0,1.0,0.0,0.0,1.0,0.0,1.0,1.0,0.0,0.0,0.0
401,402,30.25,0.32,0.28,8,5,football,2,0.0,1.0,0.0,0.0,1.0,0.0,1.0,0.0,1.0,0.0,0.0
402,403,38.39,0.06,0.52,5,10,baseball,2,0.0,1.0,0.0,0.0,1.0,0.0,1.0,0.0,0.0,1.0,0.0
403,404,40.19,0.13,0.85,1,11,frisbee,4,0.0,1.0,0.0,0.0,1.0,0.0,1.0,0.0,0.0,1.0,0.0
404,405,45.62,0.0,0.19,1,3,martial arts,3,0.0,1.0,0.0,0.0,1.0,0.0,1.0,0.0,0.0,0.0,1.0
405,406,35.19,0.0,0.28,4,11,baseball,3,0.0,1.0,0.0,0.0,1.0,1.0,0.0,0.0,1.0,0.0,0.0
406,407,73.58,1.0,1.0,4,4,frisbee,5,0.0,1.0,0.0,0.0,1.0,0.0,1.0,0.0,0.0,1.0,0.0
407,408,54.17,0.29,0.88,6,5,basketball,4,0.0,1.0,0.0,0.0,1.0,0.0,1.0,1.0,0.0,0.0,0.0
408,409,41.31,0.3,0.36,6,3,table tennis,2,0.0,1.0,0.0,0.0,1.0,0.0,1.0,0.0,1.0,0.0,0.0
409,410,72.16,0.68,1.0,6,11,frisbee,2,0.0,1.0,0.0,0.0,1.0,0.0,1.0,0.0,0.0,1.0,0.0
410,411,37.97,0.45,0.76,4,10,baseball,7,0.0,1.0,0.0,0.0,1.0,0.0,1.0,0.0,1.0,0.0,0.0
411,412,4.13,0.0,0.6900000000000001,1,9,curling,5,0.0,1.0,0.0,0.0,1.0,1.0,0.0,0.0,1.0,0.0,0.0
412,413,48.3,0.63,0.74,7,9,table tennis,3,0.0,1.0,0.0,0.0,1.0,0.0,1.0,0.0,1.0,0.0,0.0
413,414,27.47,0.43,0.6900000000000001,2,4,football,4,0.0,1.0,0.0,0.0,1.0,0.0,1.0,0.0,0.0,0.0,1.0
414,415,54.91,0.78,0.49,10,10,gymnastics,7,0.0,1.0,0.0,0.0,1.0,0.0,1.0,0.0,0.0,1.0,0.0
415,416,42.45,1.0,0.73,7,1,table tennis,7,0.0,1.0,0.0,0.0,1.0,1.0,0.0,0.0,0.0,0.0,1.0
416,417,26.81,0.27,0.0,7,10,curling,4,0.0,1.0,0.0,0.0,1.0,0.0,1.0,0.0,0.0,1.0,0.0
417,418,6.640000000000001,0.19,0.08,2,4,football,5,0.0,1.0,0.0,0.0,1.0,0.0,1.0,0.0,0.0,0.0,1.0
418,419,41.34,0.0,0.33,1,5,football,3,0.0,1.0,0.0,0.0,1.0,0.0,1.0,1.0,0.0,0.0,0.0
419,420,41.02,0.53,0.68,7,4,basketball,6,0.0,1.0,0.0,0.0,1.0,0.0,1.0,0.0,0.0,0.0,1.0
420,421,2.78,0.02,0.0,3,10,martial arts,1,0.0,1.0,0.0,0.0,1.0,0.0,1.0,0.0,0.0,1.0,0.0
421,422,20.91,0.1,0.84,9,7,baseball,3,0.0,1.0,0.0,0.0,1.0,0.0,1.0,0.0,0.0,0.0,1.0
422,423,37.17,0.25,0.91,7,12,martial arts,3,0.0,1.0,0.0,0.0,1.0,0.0,1.0,0.0,1.0,0.0,0.0
423,424,15.81,0.11,0.86,2,8,frisbee,3,0.0,1.0,0.0,0.0,1.0,1.0,0.0,0.0,1.0,0.0,0.0
424,425,8.6,0.0,0.79,6,6,baseball,6,0.0,1.0,0.0,0.0,1.0,1.0,0.0,0.0,0.0,0.0,1.0
425,426,32.3,1.0,0.24,5,6,table tennis,4,0.0,1.0,0.0,0.0,1.0,0.0,1.0,0.0,0.0,1.0,0.0
426,427,57.18,0.95,1.0,1,11,curling,7,0.0,1.0,0.0,0.0,1.0,0.0,1.0,0.0,1.0,0.0,0.0
427,428,66.61,0.93,1.0,8,5,table tennis,7,0.0,1.0,0.0,0.0,1.0,0.0,1.0,0.0,0.0,1.0,0.0
428,429,33.37,0.96,0.51,1,1,gymnastics,3,0.0,1.0,0.0,0.0,1.0,0.0,1.0,0.0,1.0,0.0,0.0
429,430,54.97,0.64,1.0,5,7,curling,5,0.0,1.0,0.0,0.0,1.0,0.0,1.0,0.0,1.0,0.0,0.0
430,431,36.13,0.08,0.4,0,0,frisbee,4,0.0,1.0,0.0,1.0,0.0,0.0,1.0,1.0,0.0,0.0,0.0
431,432,45.72,0.6,0.87,0,7,frisbee,5,0.0,1.0,0.0,1.0,0.0,0.0,1.0,0.0,0.0,1.0,0.0
432,433,21.8,0.6,0.0,3,7,table tennis,3,0.0,1.0,0.0,1.0,0.0,0.0,1.0,0.0,0.0,0.0,1.0
433,434,14.12,0.14,0.17,1,6,curling,6,0.0,1.0,0.0,1.0,0.0,0.0,1.0,1.0,0.0,0.0,0.0
434,435,20.53,0.65,0.19,2,4,baseball,5,0.0,1.0,0.0,1.0,0.0,0.0,1.0,0.0,1.0,0.0,0.0
435,436,59.63,0.71,1.0,3,9,baseball,3,0.0,1.0,0.0,1.0,0.0,0.0,1.0,0.0,0.0,1.0,0.0
436,437,21.33,0.0,1.0,5,5,football,6,0.0,1.0,0.0,1.0,0.0,0.0,1.0,0.0,0.0,0.0,1.0
437,438,43.36,0.27,0.28,9,11,football,3,0.0,1.0,0.0,1.0,0.0,0.0,1.0,0.0,0.0,1.0,0.0
438,439,79.74,0.8300000000000001,1.0,9,12,frisbee,2,0.0,1.0,0.0,1.0,0.0,0.0,1.0,0.0,0.0,1.0,0.0
439,440,57.02,0.54,1.0,7,6,football,4,0.0,1.0,0.0,1.0,0.0,0.0,1.0,0.0,1.0,0.0,0.0
440,441,68.19,0.91,1.0,2,12,curling,3,0.0,1.0,0.0,0.0,1.0,0.0,1.0,0.0,0.0,1.0,0.0
441,442,49.370000000000005,1.0,0.24,9,6,curling,4,0.0,1.0,0.0,0.0,1.0,0.0,1.0,0.0,1.0,0.0,0.0
442,443,23.04,0.37,0.0,8,5,baseball,5,0.0,1.0,0.0,0.0,1.0,0.0,1.0,1.0,0.0,0.0,0.0
443,444,39.61,0.37,0.56,10,6,table tennis,5,0.0,1.0,0.0,0.0,1.0,1.0,0.0,1.0,0.0,0.0,0.0
444,445,47.12,1.0,0.43,7,2,table tennis,3,0.0,1.0,0.0,0.0,1.0,1.0,0.0,0.0,0.0,0.0,1.0
445,446,43.73,0.76,0.99,1,0,football,6,0.0,1.0,0.0,0.0,1.0,0.0,1.0,0.0,0.0,0.0,1.0
446,447,21.66,0.0,0.37,2,2,martial arts,5,0.0,1.0,0.0,0.0,1.0,0.0,1.0,0.0,0.0,0.0,1.0
447,448,35.28,0.03,0.0,7,3,gymnastics,3,0.0,1.0,0.0,0.0,1.0,0.0,1.0,1.0,0.0,0.0,0.0
448,449,53.05,0.86,0.74,8,6,gymnastics,3,0.0,1.0,0.0,0.0,1.0,0.0,1.0,0.0,1.0,0.0,0.0
449,450,44.33,1.0,0.0,10,1,baseball,2,0.0,1.0,0.0,0.0,1.0,0.0,1.0,0.0,1.0,0.0,0.0
450,451,0.0,0.0,0.02,0,7,gymnastics,7,0.0,1.0,0.0,0.0,1.0,0.0,1.0,0.0,0.0,0.0,1.0
451,452,28.91,0.0,0.44,0,5,martial arts,3,0.0,1.0,0.0,0.0,1.0,0.0,1.0,0.0,1.0,0.0,0.0
452,453,29.13,0.54,0.0,10,9,baseball,6,0.0,1.0,0.0,0.0,1.0,0.0,1.0,1.0,0.0,0.0,0.0
453,454,43.21,0.7000000000000001,0.84,5,3,curling,5,0.0,1.0,0.0,0.0,1.0,0.0,1.0,0.0,1.0,0.0,0.0
454,455,33.15,0.97,0.22,3,8,table tennis,5,0.0,1.0,0.0,0.0,1.0,0.0,1.0,0.0,0.0,0.0,1.0
455,456,23.95,0.58,0.0,3,10,basketball,3,0.0,1.0,0.0,0.0,1.0,0.0,1.0,0.0,0.0,0.0,1.0
456,457,45.21,0.3,0.89,7,8,martial arts,2,0.0,1.0,0.0,0.0,1.0,0.0,1.0,0.0,0.0,0.0,1.0
457,458,25.37,0.0,0.9,4,2,martial arts,4,0.0,1.0,0.0,0.0,1.0,1.0,0.0,0.0,1.0,0.0,0.0
458,459,32.36,0.0,0.14,3,1,baseball,3,0.0,1.0,0.0,0.0,1.0,0.0,1.0,1.0,0.0,0.0,0.0
459,460,25.13,0.97,0.17,5,6,curling,4,0.0,1.0,0.0,0.0,1.0,0.0,1.0,0.0,0.0,0.0,1.0
460,461,84.58,0.99,1.0,9,10,frisbee,3,0.0,1.0,0.0,0.0,1.0,1.0,0.0,0.0,0.0,1.0,0.0
461,462,54.93,0.9,0.74,7,3,table tennis,4,0.0,1.0,0.0,0.0,1.0,1.0,0.0,0.0,1.0,0.0,0.0
462,463,40.2,0.0,0.06,5,3,martial arts,4,0.0,1.0,0.0,0.0,1.0,0.0,1.0,0.0,0.0,0.0,1.0
463,464,60.18,0.85,0.59,10,7,basketball,3,0.0,1.0,0.0,0.0,1.0,0.0,1.0,0.0,1.0,0.0,0.0
464,465,48.21,0.72,0.94,3,1,football,5,0.0,1.0,0.0,0.0,1.0,0.0,1.0,0.0,1.0,0.0,0.0
465,466,43.09,1.0,0.01,6,3,table tennis,2,0.0,1.0,0.0,0.0,1.0,0.0,1.0,0.0,0.0,1.0,0.0
466,467,22.15,0.27,0.07,3,5,gymnastics,4,0.0,1.0,0.0,0.0,1.0,0.0,1.0,0.0,0.0,0.0,1.0
467,468,20.78,0.67,0.64,0,2,curling,7,0.0,1.0,0.0,0.0,1.0,0.0,1.0,0.0,0.0,0.0,1.0
468,469,30.84,0.42,0.15,7,12,table tennis,5,0.0,1.0,0.0,0.0,1.0,0.0,1.0,1.0,0.0,0.0,0.0
469,470,19.16,0.77,0.34,3,4,curling,7,0.0,1.0,0.0,0.0,1.0,0.0,1.0,0.0,0.0,0.0,1.0
470,471,3.97,0.25,0.62,1,5,table tennis,4,0.0,1.0,0.0,0.0,1.0,0.0,1.0,1.0,0.0,0.0,0.0
471,472,27.76,0.48,0.27,7,1,frisbee,3,0.0,1.0,0.0,0.0,1.0,1.0,0.0,0.0,1.0,0.0,0.0
472,473,54.17,0.88,0.89,9,12,table tennis,5,0.0,1.0,0.0,0.0,1.0,0.0,1.0,0.0,0.0,1.0,0.0
473,474,22.0,0.16,0.0,7,12,martial arts,2,0.0,1.0,0.0,0.0,1.0,0.0,1.0,0.0,0.0,0.0,1.0
474,475,39.73,1.0,0.28,4,9,martial arts,4,0.0,1.0,0.0,0.0,1.0,0.0,1.0,0.0,0.0,0.0,1.0
475,476,36.1,0.65,0.8,0,1,football,4,0.0,1.0,0.0,0.0,1.0,0.0,1.0,0.0,1.0,0.0,0.0
476,477,8.19,0.77,0.0,2,9,baseball,4,0.0,1.0,0.0,0.0,1.0,0.0,1.0,0.0,0.0,0.0,1.0
477,478,14.18,0.0,0.0,1,4,football,3,0.0,1.0,0.0,0.0,1.0,1.0,0.0,0.0,0.0,0.0,1.0
478,479,22.05,0.0,0.0,6,11,curling,3,0.0,1.0,0.0,0.0,1.0,0.0,1.0,0.0,1.0,0.0,0.0
479,480,15.72,0.29,0.72,4,7,gymnastics,5,0.0,1.0,0.0,0.0,1.0,1.0,0.0,0.0,0.0,1.0,0.0
480,481,24.37,0.0,0.18,2,4,martial arts,1,0.0,1.0,0.0,0.0,1.0,0.0,1.0,0.0,0.0,0.0,1.0
481,482,18.01,0.04,0.78,4,9,football,4,0.0,1.0,0.0,0.0,1.0,0.0,1.0,0.0,1.0,0.0,0.0
482,483,49.19,0.37,1.0,6,4,basketball,3,0.0,1.0,0.0,0.0,1.0,0.0,1.0,0.0,0.0,0.0,1.0
483,484,30.48,0.09,0.56,8,11,curling,3,0.0,1.0,0.0,0.0,1.0,0.0,1.0,0.0,1.0,0.0,0.0
484,485,4.23,0.09,0.05,7,5,gymnastics,4,0.0,1.0,0.0,0.0,1.0,0.0,1.0,0.0,0.0,0.0,1.0
485,486,56.96,0.6900000000000001,0.91,6,5,basketball,4,0.0,1.0,0.0,0.0,1.0,0.0,1.0,0.0,1.0,0.0,0.0
486,487,36.86,0.98,0.19,9,8,curling,6,0.0,1.0,0.0,0.0,1.0,0.0,1.0,0.0,1.0,0.0,0.0
487,488,25.82,0.79,0.45,1,9,table tennis,3,0.0,1.0,0.0,0.0,1.0,1.0,0.0,0.0,1.0,0.0,0.0
488,489,48.75,0.92,0.61,5,10,curling,4,0.0,1.0,0.0,0.0,1.0,1.0,0.0,0.0,0.0,0.0,1.0
489,490,67.9,0.6900000000000001,0.89,10,8,frisbee,2,0.0,1.0,0.0,0.0,1.0,0.0,1.0,0.0,0.0,0.0,1.0
490,491,27.32,0.36,0.81,0,6,martial arts,3,0.0,1.0,0.0,0.0,1.0,0.0,1.0,0.0,0.0,0.0,1.0
491,492,64.66,0.8,1.0,5,9,frisbee,3,0.0,1.0,0.0,0.0,1.0,0.0,1.0,0.0,0.0,0.0,1.0
492,493,27.07,0.79,0.0,3,5,baseball,3,0.0,1.0,0.0,0.0,1.0,0.0,1.0,0.0,1.0,0.0,0.0
493,494,11.19,0.1,0.0,0,3,baseball,3,0.0,1.0,0.0,0.0,1.0,0.0,1.0,0.0,0.0,1.0,0.0
494,495,12.72,0.0,0.06,5,5,table tennis,3,0.0,1.0,0.0,0.0,1.0,0.0,1.0,0.0,0.0,0.0,1.0
495,496,28.92,0.39,0.91,3,0,frisbee,4,0.0,1.0,0.0,0.0,1.0,0.0,1.0,1.0,0.0,0.0,0.0
496,497,36.32,0.86,0.45,2,2,frisbee,6,0.0,1.0,0.0,0.0,1.0,1.0,0.0,0.0,1.0,0.0,0.0
497,498,28.75,1.0,0.06,6,9,table tennis,8,0.0,1.0,0.0,0.0,1.0,1.0,0.0,0.0,0.0,0.0,1.0
498,499,12.68,0.0,0.0,1,6,curling,3,0.0,1.0,0.0,0.0,1.0,0.0,1.0,0.0,0.0,0.0,1.0
499,500,38.93,0.76,0.6900000000000001,7,5,football,4,0.0,1.0,0.0,0.0,1.0,0.0,1.0,0.0,1.0,0.0,0.0
500,501,42.17,0.9,0.65,5,12,football,3,0.0,1.0,0.0,0.0,1.0,1.0,0.0,0.0,0.0,0.0,1.0
501,502,68.1,1.0,1.0,3,5,martial arts,4,0.0,1.0,0.0,0.0,1.0,0.0,1.0,0.0,0.0,0.0,1.0
502,503,59.19,1.0,0.81,8,7,curling,3,0.0,1.0,0.0,0.0,1.0,0.0,1.0,0.0,0.0,1.0,0.0
503,504,47.34,0.55,0.0,8,7,curling,3,0.0,1.0,0.0,0.0,1.0,0.0,1.0,0.0,0.0,0.0,1.0
504,505,33.42,0.0,0.11,10,12,curling,2,0.0,1.0,0.0,0.0,1.0,0.0,1.0,0.0,1.0,0.0,0.0
505,506,6.26,0.01,0.77,0,2,frisbee,4,0.0,1.0,0.0,0.0,1.0,0.0,1.0,0.0,0.0,0.0,1.0
506,507,37.35,1.0,0.0,7,8,baseball,5,0.0,1.0,0.0,0.0,1.0,1.0,0.0,0.0,1.0,0.0,0.0
507,508,35.61,0.16,0.4,9,9,frisbee,3,0.0,1.0,0.0,0.0,1.0,0.0,1.0,0.0,0.0,0.0,1.0
508,509,8.89,0.23,0.1,2,8,curling,3,0.0,1.0,0.0,0.0,1.0,0.0,1.0,0.0,0.0,0.0,1.0
509,510,0.0,0.1,0.51,5,0,baseball,3,0.0,1.0,0.0,0.0,1.0,0.0,1.0,0.0,0.0,0.0,1.0
510,511,26.89,0.0,0.11,9,11,curling,3,0.0,1.0,0.0,0.0,1.0,0.0,1.0,0.0,0.0,0.0,1.0
511,512,44.05,0.06,0.4,9,3,curling,3,0.0,1.0,0.0,0.0,1.0,0.0,1.0,0.0,1.0,0.0,0.0
512,513,36.56,0.05,0.0,2,1,table tennis,3,0.0,1.0,0.0,0.0,1.0,0.0,1.0,0.0,0.0,0.0,1.0
513,514,43.45,0.8300000000000001,0.52,4,4,football,4,0.0,1.0,0.0,0.0,1.0,0.0,1.0,0.0,0.0,1.0,0.0
514,515,52.45,0.99,0.5700000000000001,8,12,baseball,7,0.0,1.0,0.0,0.0,1.0,0.0,1.0,0.0,1.0,0.0,0.0
515,516,36.64,1.0,0.19,2,4,football,3,0.0,1.0,0.0,0.0,1.0,1.0,0.0,0.0,0.0,1.0,0.0
516,517,38.63,0.53,0.0,3,7,curling,3,0.0,1.0,0.0,0.0,1.0,1.0,0.0,1.0,0.0,0.0,0.0
517,518,15.0,0.0,0.03,4,3,baseball,5,0.0,1.0,0.0,0.0,1.0,0.0,1.0,0.0,0.0,0.0,1.0
518,519,36.94,0.0,0.95,3,12,frisbee,4,0.0,1.0,0.0,0.0,1.0,0.0,1.0,0.0,1.0,0.0,0.0
519,520,30.13,0.2,0.64,0,3,table tennis,3,0.0,1.0,0.0,0.0,1.0,1.0,0.0,0.0,0.0,1.0,0.0
520,521,89.89,1.0,1.0,8,9,frisbee,4,0.0,1.0,0.0,0.0,1.0,0.0,1.0,1.0,0.0,0.0,0.0
521,522,44.7,0.27,0.37,5,7,table tennis,3,0.0,1.0,0.0,0.0,1.0,1.0,0.0,0.0,1.0,0.0,0.0
522,523,41.64,0.26,0.92,1,8,frisbee,3,0.0,1.0,0.0,0.0,1.0,0.0,1.0,0.0,0.0,0.0,1.0
523,524,67.78,1.0,0.77,10,8,basketball,6,0.0,1.0,0.0,0.0,1.0,0.0,1.0,0.0,1.0,0.0,0.0
524,525,33.06,0.04,0.0,5,1,curling,6,0.0,1.0,0.0,0.0,1.0,0.0,1.0,1.0,0.0,0.0,0.0
525,526,70.39,0.71,0.99,8,6,curling,2,0.0,1.0,0.0,0.0,1.0,0.0,1.0,0.0,0.0,1.0,0.0
526,527,57.44,1.0,0.44,7,3,baseball,6,0.0,1.0,0.0,0.0,1.0,0.0,1.0,1.0,0.0,0.0,0.0
527,528,62.1,0.64,1.0,2,8,curling,5,0.0,1.0,0.0,0.0,1.0,1.0,0.0,0.0,0.0,0.0,1.0
528,529,57.69,0.99,0.73,4,5,table tennis,4,0.0,1.0,0.0,0.0,1.0,0.0,1.0,0.0,1.0,0.0,0.0
529,530,36.9,0.71,0.11,0,3,football,3,0.0,1.0,0.0,0.0,1.0,0.0,1.0,0.0,0.0,0.0,1.0
530,531,39.12,0.99,0.0,7,4,curling,3,0.0,1.0,0.0,0.0,1.0,1.0,0.0,0.0,0.0,1.0,0.0
531,532,49.86,0.81,0.85,3,3,frisbee,5,0.0,1.0,0.0,0.0,1.0,1.0,0.0,0.0,0.0,1.0,0.0
532,533,19.53,0.09,0.86,5,9,curling,6,0.0,1.0,0.0,0.0,1.0,0.0,1.0,0.0,0.0,0.0,1.0
533,534,25.87,1.0,0.0,7,3,baseball,5,0.0,1.0,0.0,0.0,1.0,0.0,1.0,1.0,0.0,0.0,0.0
534,535,43.47,0.05,0.9,3,12,frisbee,1,0.0,1.0,0.0,0.0,1.0,0.0,1.0,0.0,1.0,0.0,0.0
535,536,42.22,0.98,0.0,6,10,baseball,3,0.0,1.0,0.0,0.0,1.0,1.0,0.0,0.0,1.0,0.0,0.0
536,537,40.78,0.76,0.79,0,2,football,4,0.0,1.0,0.0,0.0,1.0,0.0,1.0,1.0,0.0,0.0,0.0
537,538,70.5,0.66,1.0,7,4,frisbee,2,0.0,1.0,0.0,0.0,1.0,0.0,1.0,0.0,1.0,0.0,0.0
538,539,19.1,0.0,0.0,3,5,frisbee,4,0.0,1.0,0.0,0.0,1.0,0.0,1.0,1.0,0.0,0.0,0.0
539,540,29.58,0.35,0.7000000000000001,7,10,football,4,0.0,1.0,0.0,0.0,1.0,0.0,1.0,0.0,0.0,1.0,0.0
540,541,36.25,0.17,0.45,1,5,basketball,2,0.0,1.0,1.0,0.0,0.0,0.0,1.0,0.0,0.0,0.0,1.0
541,542,76.83,0.53,1.0,8,4,martial arts,1,0.0,1.0,1.0,0.0,0.0,0.0,1.0,0.0,1.0,0.0,0.0
542,543,39.38,0.78,0.0,6,0,baseball,4,0.0,1.0,1.0,0.0,0.0,0.0,1.0,0.0,0.0,0.0,1.0
543,544,43.58,0.15,1.0,3,7,basketball,4,0.0,1.0,1.0,0.0,0.0,0.0,1.0,0.0,0.0,0.0,1.0
544,545,69.96000000000001,0.67,1.0,6,9,table tennis,4,0.0,1.0,1.0,0.0,0.0,0.0,1.0,0.0,1.0,0.0,0.0
545,546,33.410000000000004,0.75,0.17,2,8,baseball,3,0.0,1.0,1.0,0.0,0.0,0.0,1.0,0.0,1.0,0.0,0.0
546,547,43.81,0.95,0.21,7,11,football,3,0.0,1.0,1.0,0.0,0.0,1.0,0.0,0.0,0.0,0.0,1.0
547,548,52.38,0.46,0.45,8,10,martial arts,2,0.0,1.0,1.0,0.0,0.0,0.0,1.0,0.0,1.0,0.0,0.0
548,549,59.56,0.68,0.93,5,4,gymnastics,5,0.0,1.0,1.0,0.0,0.0,0.0,1.0,0.0,1.0,0.0,0.0
549,550,55.870000000000005,0.74,0.53,3,8,frisbee,4,0.0,1.0,1.0,0.0,0.0,0.0,1.0,0.0,1.0,0.0,0.0
550,551,13.64,0.42,0.05,7,3,curling,6,0.0,1.0,0.0,0.0,1.0,0.0,1.0,1.0,0.0,0.0,0.0
551,552,30.43,0.59,0.07,8,5,baseball,3,0.0,1.0,0.0,0.0,1.0,0.0,1.0,0.0,0.0,0.0,1.0
552,553,12.96,0.44,0.54,1,3,curling,5,0.0,1.0,0.0,0.0,1.0,0.0,1.0,0.0,1.0,0.0,0.0
553,554,0.22,0.5700000000000001,0.26,2,11,football,4,0.0,1.0,0.0,0.0,1.0,0.0,1.0,0.0,0.0,1.0,0.0
554,555,50.85,0.91,0.47,10,2,martial arts,3,0.0,1.0,0.0,0.0,1.0,0.0,1.0,0.0,1.0,0.0,0.0
555,556,60.35,0.77,0.9,9,8,curling,3,0.0,1.0,0.0,0.0,1.0,0.0,1.0,0.0,1.0,0.0,0.0
556,557,63.620000000000005,0.8,1.0,2,12,martial arts,5,0.0,1.0,0.0,0.0,1.0,0.0,1.0,0.0,0.0,0.0,1.0
557,558,7.72,0.0,0.0,8,2,table tennis,3,0.0,1.0,0.0,0.0,1.0,0.0,1.0,0.0,1.0,0.0,0.0
558,559,26.02,0.26,0.93,2,4,martial arts,2,0.0,1.0,0.0,0.0,1.0,0.0,1.0,0.0,0.0,1.0,0.0
559,560,0.0,0.37,0.25,3,1,martial arts,7,0.0,1.0,0.0,0.0,1.0,0.0,1.0,1.0,0.0,0.0,0.0
560,561,38.21,0.81,0.0,6,9,baseball,5,0.0,1.0,1.0,0.0,0.0,0.0,1.0,1.0,0.0,0.0,0.0
561,562,42.55,0.8300000000000001,0.5700000000000001,2,0,football,3,0.0,1.0,1.0,0.0,0.0,0.0,1.0,0.0,0.0,0.0,1.0
562,563,42.06,0.68,0.5700000000000001,5,11,baseball,3,0.0,1.0,1.0,0.0,0.0,0.0,1.0,0.0,0.0,1.0,0.0
563,564,63.68,1.0,0.84,7,10,football,5,0.0,1.0,1.0,0.0,0.0,0.0,1.0,0.0,0.0,1.0,0.0
564,565,45.34,0.64,0.73,0,1,basketball,4,0.0,1.0,1.0,0.0,0.0,0.0,1.0,0.0,1.0,0.0,0.0
565,566,30.17,0.45,0.13,7,0,football,4,0.0,1.0,1.0,0.0,0.0,0.0,1.0,0.0,0.0,0.0,1.0
566,567,37.39,0.23,0.61,6,6,curling,3,0.0,1.0,1.0,0.0,0.0,0.0,1.0,0.0,0.0,0.0,1.0
567,568,52.03,0.89,0.0,9,10,martial arts,5,0.0,1.0,1.0,0.0,0.0,0.0,1.0,1.0,0.0,0.0,0.0
568,569,71.58,0.99,1.0,6,10,football,3,0.0,1.0,1.0,0.0,0.0,1.0,0.0,0.0,0.0,1.0,0.0
569,570,53.88,0.93,0.7000000000000001,3,7,table tennis,5,0.0,1.0,1.0,0.0,0.0,0.0,1.0,0.0,1.0,0.0,0.0
570,571,28.05,0.76,0.0,6,0,frisbee,6,0.0,1.0,0.0,0.0,1.0,0.0,1.0,1.0,0.0,0.0,0.0
571,572,40.52,1.0,0.06,8,5,table tennis,3,0.0,1.0,0.0,0.0,1.0,0.0,1.0,0.0,1.0,0.0,0.0
572,573,37.52,0.62,0.84,5,3,curling,4,0.0,1.0,0.0,0.0,1.0,0.0,1.0,0.0,0.0,0.0,1.0
573,574,56.93,1.0,0.51,9,5,martial arts,5,0.0,1.0,0.0,0.0,1.0,0.0,1.0,0.0,1.0,0.0,0.0
574,575,21.05,0.05,0.16,3,6,frisbee,6,0.0,1.0,0.0,0.0,1.0,0.0,1.0,1.0,0.0,0.0,0.0
575,576,14.98,0.0,0.02,1,3,frisbee,3,0.0,1.0,0.0,0.0,1.0,0.0,1.0,1.0,0.0,0.0,0.0
576,577,40.9,0.0,1.0,5,12,basketball,3,0.0,1.0,0.0,0.0,1.0,0.0,1.0,0.0,0.0,0.0,1.0
577,578,13.09,0.16,0.0,4,7,football,3,0.0,1.0,0.0,0.0,1.0,0.0,1.0,0.0,0.0,0.0,1.0
578,579,44.42,0.38,0.0,3,3,curling,3,0.0,1.0,0.0,0.0,1.0,1.0,0.0,1.0,0.0,0.0,0.0
579,580,74.7,0.9,1.0,7,12,frisbee,4,0.0,1.0,0.0,0.0,1.0,0.0,1.0,0.0,0.0,0.0,1.0
580,581,38.16,1.0,0.2,9,5,baseball,3,0.0,1.0,0.0,0.0,1.0,0.0,1.0,1.0,0.0,0.0,0.0
581,582,67.16,0.9,1.0,4,5,basketball,3,0.0,1.0,0.0,0.0,1.0,0.0,1.0,0.0,1.0,0.0,0.0
582,583,57.6,0.95,1.0,5,2,football,5,0.0,1.0,0.0,0.0,1.0,0.0,1.0,0.0,1.0,0.0,0.0
583,584,59.54,0.9,0.88,8,11,baseball,4,0.0,1.0,0.0,0.0,1.0,1.0,0.0,0.0,0.0,1.0,0.0
584,585,11.4,0.0,0.39,2,6,table tennis,5,0.0,1.0,0.0,0.0,1.0,0.0,1.0,1.0,0.0,0.0,0.0
585,586,45.62,0.2,1.0,6,8,curling,2,0.0,1.0,0.0,0.0,1.0,0.0,1.0,0.0,0.0,1.0,0.0
586,587,40.1,0.5,0.01,6,5,gymnastics,4,0.0,1.0,0.0,0.0,1.0,0.0,1.0,0.0,0.0,0.0,1.0
587,588,25.83,0.0,0.56,2,0,table tennis,3,0.0,1.0,0.0,0.0,1.0,1.0,0.0,0.0,1.0,0.0,0.0
588,589,34.64,0.47,0.5,8,8,table tennis,3,0.0,1.0,0.0,0.0,1.0,0.0,1.0,0.0,1.0,0.0,0.0
589,590,55.83,0.74,1.0,5,6,baseball,6,0.0,1.0,0.0,0.0,1.0,1.0,0.0,0.0,0.0,1.0,0.0
590,591,40.91,0.29,0.01,9,2,martial arts,5,0.0,1.0,1.0,0.0,0.0,0.0,1.0,1.0,0.0,0.0,0.0
591,592,51.23,1.0,0.12,10,8,baseball,8,0.0,1.0,1.0,0.0,0.0,0.0,1.0,1.0,0.0,0.0,0.0
592,593,18.76,0.16,0.41,3,6,basketball,2,0.0,1.0,1.0,0.0,0.0,0.0,1.0,0.0,1.0,0.0,0.0
593,594,38.27,1.0,0.21,7,6,curling,4,0.0,1.0,1.0,0.0,0.0,1.0,0.0,0.0,1.0,0.0,0.0
594,595,52.11,0.39,1.0,4,8,frisbee,4,0.0,1.0,1.0,0.0,0.0,0.0,1.0,0.0,1.0,0.0,0.0
595,596,31.57,0.0,0.78,1,4,martial arts,3,0.0,1.0,1.0,0.0,0.0,0.0,1.0,0.0,1.0,0.0,0.0
596,597,35.69,0.0,0.96,0,8,martial arts,3,0.0,1.0,1.0,0.0,0.0,0.0,1.0,0.0,0.0,1.0,0.0
597,598,56.33,1.0,0.78,5,5,table tennis,7,0.0,1.0,1.0,0.0,0.0,0.0,1.0,0.0,0.0,0.0,1.0
598,599,26.43,0.09,0.04,9,2,table tennis,2,0.0,1.0,1.0,0.0,0.0,0.0,1.0,0.0,1.0,0.0,0.0
599,600,40.3,1.0,0.13,6,11,table tennis,7,0.0,1.0,1.0,0.0,0.0,0.0,1.0,0.0,1.0,0.0,0.0
600,601,26.34,1.0,0.03,6,2,frisbee,3,0.0,1.0,0.0,0.0,1.0,0.0,1.0,0.0,0.0,0.0,1.0
601,602,49.82,0.98,0.89,2,4,curling,3,0.0,1.0,0.0,0.0,1.0,0.0,1.0,0.0,0.0,0.0,1.0
602,603,33.160000000000004,1.0,0.39,3,2,frisbee,3,0.0,1.0,0.0,0.0,1.0,0.0,1.0,0.0,1.0,0.0,0.0
603,604,27.26,0.07,0.58,7,3,basketball,2,0.0,1.0,0.0,0.0,1.0,0.0,1.0,0.0,0.0,0.0,1.0
604,605,54.3,0.86,0.72,10,7,football,5,0.0,1.0,0.0,0.0,1.0,0.0,1.0,0.0,0.0,1.0,0.0
605,606,0.0,0.0,0.35,4,4,curling,4,0.0,1.0,0.0,0.0,1.0,0.0,1.0,0.0,1.0,0.0,0.0
606,607,13.23,0.0,0.1,2,3,martial arts,4,0.0,1.0,0.0,0.0,1.0,0.0,1.0,1.0,0.0,0.0,0.0
607,608,78.74,1.0,1.0,8,12,frisbee,5,0.0,1.0,0.0,0.0,1.0,0.0,1.0,0.0,0.0,1.0,0.0
608,609,21.03,0.12,0.0,7,9,gymnastics,3,0.0,1.0,0.0,0.0,1.0,0.0,1.0,0.0,1.0,0.0,0.0
609,610,35.68,0.45,0.65,9,5,gymnastics,4,0.0,1.0,0.0,0.0,1.0,1.0,0.0,0.0,1.0,0.0,0.0
610,611,31.58,0.84,0.34,1,1,football,5,0.0,1.0,0.0,0.0,1.0,0.0,1.0,0.0,0.0,0.0,1.0
611,612,42.6,0.12,0.77,1,1,frisbee,2,0.0,1.0,0.0,0.0,1.0,0.0,1.0,0.0,1.0,0.0,0.0
612,613,50.63,0.75,0.0,6,5,martial arts,3,0.0,1.0,0.0,0.0,1.0,0.0,1.0,0.0,0.0,1.0,0.0
613,614,38.94,0.44,0.05,3,7,curling,4,0.0,1.0,0.0,0.0,1.0,0.0,1.0,1.0,0.0,0.0,0.0
614,615,47.74,0.37,0.84,7,5,curling,5,0.0,1.0,0.0,0.0,1.0,0.0,1.0,1.0,0.0,0.0,0.0
615,616,62.58,0.89,0.93,7,6,gymnastics,9,0.0,1.0,0.0,0.0,1.0,1.0,0.0,0.0,0.0,1.0,0.0
616,617,78.2,0.81,1.0,8,4,frisbee,4,0.0,1.0,0.0,0.0,1.0,0.0,1.0,0.0,0.0,1.0,0.0
617,618,52.33,1.0,0.73,3,4,curling,6,0.0,1.0,0.0,0.0,1.0,0.0,1.0,0.0,0.0,0.0,1.0
618,619,61.5,0.86,0.84,5,5,baseball,5,0.0,1.0,0.0,0.0,1.0,0.0,1.0,0.0,1.0,0.0,0.0
619,620,45.26,0.67,0.0,10,11,football,4,0.0,1.0,0.0,0.0,1.0,0.0,1.0,0.0,0.0,0.0,1.0
620,621,34.29,0.0,1.0,0,2,basketball,5,0.0,1.0,1.0,0.0,0.0,0.0,1.0,1.0,0.0,0.0,0.0
621,622,70.36,0.91,0.98,6,10,curling,6,0.0,1.0,1.0,0.0,0.0,0.0,1.0,0.0,0.0,1.0,0.0
622,623,52.92,0.98,0.18,9,4,baseball,6,0.0,1.0,1.0,0.0,0.0,0.0,1.0,0.0,1.0,0.0,0.0
623,624,4.47,0.03,0.0,7,11,gymnastics,4,0.0,1.0,1.0,0.0,0.0,1.0,0.0,1.0,0.0,0.0,0.0
624,625,64.96000000000001,0.72,1.0,4,7,table tennis,5,0.0,1.0,1.0,0.0,0.0,0.0,1.0,0.0,0.0,0.0,1.0
625,626,31.79,1.0,0.28,5,2,gymnastics,6,0.0,1.0,1.0,0.0,0.0,0.0,1.0,0.0,1.0,0.0,0.0
626,627,53.55,1.0,0.0,9,11,basketball,3,0.0,1.0,1.0,0.0,0.0,0.0,1.0,0.0,0.0,0.0,1.0
627,628,42.14,0.99,0.0,9,7,curling,4,0.0,1.0,1.0,0.0,0.0,0.0,1.0,0.0,0.0,0.0,1.0
628,629,61.64,0.23,1.0,9,10,basketball,3,0.0,1.0,1.0,0.0,0.0,0.0,1.0,0.0,0.0,0.0,1.0
629,630,66.11,0.99,0.8300000000000001,9,8,table tennis,4,0.0,1.0,1.0,0.0,0.0,0.0,1.0,0.0,0.0,1.0,0.0
630,631,66.65,0.78,0.96,8,9,frisbee,8,0.0,1.0,0.0,0.0,1.0,0.0,1.0,0.0,0.0,0.0,1.0
631,632,64.76,0.65,1.0,4,8,martial arts,3,0.0,1.0,0.0,0.0,1.0,0.0,1.0,0.0,1.0,0.0,0.0
632,633,63.370000000000005,0.81,0.95,0,6,martial arts,4,0.0,1.0,0.0,0.0,1.0,0.0,1.0,0.0,1.0,0.0,0.0
633,634,51.68,0.78,0.36,5,1,martial arts,3,0.0,1.0,0.0,0.0,1.0,0.0,1.0,0.0,0.0,1.0,0.0
634,635,36.1,0.72,0.41,4,3,baseball,4,0.0,1.0,0.0,0.0,1.0,0.0,1.0,0.0,1.0,0.0,0.0
635,636,44.66,0.85,0.0,1,0,table tennis,4,0.0,1.0,0.0,0.0,1.0,0.0,1.0,0.0,0.0,0.0,1.0
636,637,24.65,0.23,0.0,5,11,baseball,3,0.0,1.0,0.0,0.0,1.0,0.0,1.0,0.0,0.0,1.0,0.0
637,638,47.38,0.5,0.41,7,7,martial arts,2,0.0,1.0,0.0,0.0,1.0,0.0,1.0,0.0,0.0,0.0,1.0
638,639,39.14,0.56,0.0,2,4,curling,4,0.0,1.0,0.0,0.0,1.0,1.0,0.0,0.0,0.0,0.0,1.0
639,640,29.08,0.1,0.0,9,6,football,1,0.0,1.0,0.0,0.0,1.0,0.0,1.0,0.0,1.0,0.0,0.0
640,641,39.23,0.04,0.94,3,5,frisbee,2,0.0,1.0,1.0,0.0,0.0,0.0,1.0,0.0,0.0,1.0,0.0
641,642,50.07,0.07,1.0,7,5,baseball,1,0.0,1.0,1.0,0.0,0.0,0.0,1.0,0.0,1.0,0.0,0.0
642,643,61.51,0.96,0.71,2,7,curling,4,0.0,1.0,1.0,0.0,0.0,0.0,1.0,0.0,1.0,0.0,0.0
643,644,42.54,1.0,0.19,6,3,gymnastics,4,0.0,1.0,1.0,0.0,0.0,0.0,1.0,0.0,1.0,0.0,0.0
644,645,72.26,0.8200000000000001,0.81,8,5,table tennis,4,0.0,1.0,1.0,0.0,0.0,0.0,1.0,0.0,1.0,0.0,0.0
645,646,39.21,0.09,0.81,1,4,martial arts,2,0.0,1.0,1.0,0.0,0.0,1.0,0.0,0.0,1.0,0.0,0.0
646,647,61.53,0.54,0.37,9,3,martial arts,1,0.0,1.0,1.0,0.0,0.0,0.0,1.0,0.0,0.0,0.0,1.0
647,648,86.39,1.0,1.0,5,5,frisbee,5,0.0,1.0,1.0,0.0,0.0,0.0,1.0,0.0,0.0,0.0,1.0
648,649,64.55,1.0,0.86,8,0,frisbee,5,0.0,1.0,1.0,0.0,0.0,1.0,0.0,0.0,1.0,0.0,0.0
649,650,28.26,0.0,0.8200000000000001,6,9,curling,6,0.0,1.0,1.0,0.0,0.0,0.0,1.0,1.0,0.0,0.0,0.0
650,651,31.61,0.13,1.0,3,10,martial arts,6,0.0,1.0,0.0,0.0,1.0,1.0,0.0,0.0,0.0,0.0,1.0
651,652,36.22,0.55,0.13,8,5,frisbee,3,0.0,1.0,0.0,0.0,1.0,1.0,0.0,0.0,0.0,0.0,1.0
652,653,46.76,1.0,0.15,7,9,frisbee,4,0.0,1.0,0.0,0.0,1.0,0.0,1.0,1.0,0.0,0.0,0.0
653,654,35.24,0.17,0.36,7,9,baseball,3,0.0,1.0,0.0,0.0,1.0,0.0,1.0,0.0,1.0,0.0,0.0
654,655,57.39,0.55,0.99,5,11,frisbee,3,0.0,1.0,0.0,0.0,1.0,0.0,1.0,0.0,1.0,0.0,0.0
655,656,35.53,0.78,0.0,9,7,baseball,3,0.0,1.0,0.0,0.0,1.0,1.0,0.0,0.0,0.0,1.0,0.0
656,657,48.17,0.85,0.0,10,6,football,4,0.0,1.0,0.0,0.0,1.0,0.0,1.0,1.0,0.0,0.0,0.0
657,658,10.74,0.49,0.06,3,3,baseball,5,0.0,1.0,0.0,0.0,1.0,0.0,1.0,1.0,0.0,0.0,0.0
658,659,36.9,0.13,1.0,3,6,frisbee,5,0.0,1.0,0.0,0.0,1.0,0.0,1.0,0.0,0.0,0.0,1.0
659,660,81.9,0.97,0.98,9,11,basketball,4,0.0,1.0,0.0,0.0,1.0,0.0,1.0,0.0,0.0,0.0,1.0
660,661,70.97,0.67,0.94,7,2,martial arts,3,0.0,1.0,1.0,0.0,0.0,0.0,1.0,0.0,0.0,1.0,0.0
661,662,40.51,0.0,0.95,2,9,table tennis,3,0.0,1.0,1.0,0.0,0.0,0.0,1.0,0.0,0.0,0.0,1.0
662,663,45.31,0.85,0.24,5,0,curling,7,0.0,1.0,1.0,0.0,0.0,0.0,1.0,1.0,0.0,0.0,0.0
663,664,39.19,0.0,0.24,1,2,curling,3,0.0,1.0,1.0,0.0,0.0,0.0,1.0,0.0,0.0,0.0,1.0
664,665,59.91,0.0,0.81,10,8,martial arts,3,0.0,1.0,1.0,0.0,0.0,0.0,1.0,0.0,0.0,0.0,1.0
665,666,58.91,0.67,0.7000000000000001,1,10,martial arts,3,0.0,1.0,1.0,0.0,0.0,0.0,1.0,0.0,1.0,0.0,0.0
666,667,33.81,0.17,1.0,2,1,table tennis,6,0.0,1.0,1.0,0.0,0.0,0.0,1.0,0.0,1.0,0.0,0.0
667,668,45.42,0.45,0.5,4,3,football,4,0.0,1.0,1.0,0.0,0.0,0.0,1.0,0.0,1.0,0.0,0.0
668,669,44.4,0.59,0.37,8,3,curling,4,0.0,1.0,1.0,0.0,0.0,0.0,1.0,0.0,1.0,0.0,0.0
669,670,85.01,0.95,1.0,9,9,table tennis,6,0.0,1.0,1.0,0.0,0.0,0.0,1.0,0.0,0.0,0.0,1.0
670,671,40.4,0.0,0.6900000000000001,8,11,curling,3,0.0,1.0,1.0,0.0,0.0,0.0,1.0,0.0,1.0,0.0,0.0
671,672,35.730000000000004,0.52,0.0,1,9,frisbee,4,0.0,1.0,1.0,0.0,0.0,0.0,1.0,0.0,0.0,0.0,1.0
672,673,53.31,1.0,0.62,1,2,basketball,3,0.0,1.0,1.0,0.0,0.0,0.0,1.0,0.0,1.0,0.0,0.0
673,674,34.92,0.6,0.51,4,1,martial arts,3,0.0,1.0,1.0,0.0,0.0,1.0,0.0,1.0,0.0,0.0,0.0
674,675,35.59,0.33,0.14,0,0,frisbee,3,0.0,1.0,1.0,0.0,0.0,1.0,0.0,1.0,0.0,0.0,0.0
675,676,75.95,1.0,1.0,4,3,football,3,0.0,1.0,1.0,0.0,0.0,0.0,1.0,0.0,0.0,0.0,1.0
676,677,31.49,0.21,0.36,8,11,table tennis,3,0.0,1.0,1.0,0.0,0.0,1.0,0.0,0.0,0.0,0.0,1.0
677,678,30.48,0.1,0.41,9,8,table tennis,3,0.0,1.0,1.0,0.0,0.0,0.0,1.0,0.0,1.0,0.0,0.0
678,679,29.7,0.0,1.0,1,10,table tennis,3,0.0,1.0,1.0,0.0,0.0,0.0,1.0,0.0,0.0,1.0,0.0
679,680,64.65,0.84,0.62,10,9,curling,3,0.0,1.0,1.0,0.0,0.0,0.0,1.0,0.0,0.0,0.0,1.0
680,681,68.48,0.6900000000000001,1.0,7,10,table tennis,5,0.0,1.0,0.0,0.0,1.0,0.0,1.0,0.0,1.0,0.0,0.0
681,682,24.75,0.15,0.87,2,4,martial arts,5,0.0,1.0,0.0,0.0,1.0,0.0,1.0,1.0,0.0,0.0,0.0
682,683,29.07,0.02,1.0,7,8,curling,2,0.0,1.0,0.0,0.0,1.0,1.0,0.0,0.0,0.0,1.0,0.0
683,684,25.18,1.0,0.0,2,10,baseball,4,0.0,1.0,0.0,0.0,1.0,0.0,1.0,0.0,1.0,0.0,0.0
684,685,0.43,0.08,0.5,1,10,baseball,3,0.0,1.0,0.0,0.0,1.0,0.0,1.0,0.0,1.0,0.0,0.0
685,686,12.39,0.0,0.36,2,0,table tennis,3,0.0,1.0,0.0,0.0,1.0,0.0,1.0,0.0,0.0,0.0,1.0
686,687,78.12,1.0,0.99,9,8,table tennis,4,0.0,1.0,0.0,0.0,1.0,0.0,1.0,0.0,0.0,1.0,0.0
687,688,62.46,0.74,0.87,7,10,frisbee,3,0.0,1.0,0.0,0.0,1.0,0.0,1.0,0.0,0.0,1.0,0.0
688,689,22.65,0.55,0.05,8,2,gymnastics,4,0.0,1.0,0.0,0.0,1.0,1.0,0.0,1.0,0.0,0.0,0.0
689,690,34.22,0.4,1.0,2,3,baseball,4,0.0,1.0,0.0,0.0,1.0,0.0,1.0,0.0,1.0,0.0,0.0
690,691,59.91,1.0,0.66,9,8,baseball,4,0.0,1.0,0.0,0.0,1.0,0.0,1.0,0.0,0.0,1.0,0.0
691,692,34.72,0.6900000000000001,0.61,4,3,table tennis,4,0.0,1.0,0.0,0.0,1.0,1.0,0.0,0.0,1.0,0.0,0.0
692,693,47.73,0.3,0.97,6,8,martial arts,3,0.0,1.0,0.0,0.0,1.0,0.0,1.0,0.0,0.0,0.0,1.0
693,694,39.04,0.55,0.32,3,1,baseball,3,0.0,1.0,0.0,0.0,1.0,0.0,1.0,0.0,1.0,0.0,0.0
694,695,50.31,0.95,0.13,9,8,frisbee,3,0.0,1.0,0.0,0.0,1.0,0.0,1.0,0.0,0.0,0.0,1.0
695,696,44.62,0.77,0.42,7,0,martial arts,3,0.0,1.0,0.0,0.0,1.0,0.0,1.0,0.0,0.0,0.0,1.0
696,697,45.24,1.0,0.15,10,8,table tennis,5,0.0,1.0,0.0,0.0,1.0,0.0,1.0,0.0,1.0,0.0,0.0
697,698,27.27,0.42,0.0,4,2,martial arts,4,0.0,1.0,0.0,0.0,1.0,0.0,1.0,0.0,0.0,0.0,1.0
698,699,35.28,0.0,0.94,7,3,martial arts,4,0.0,1.0,0.0,0.0,1.0,0.0,1.0,0.0,0.0,0.0,1.0
699,700,40.25,0.8300000000000001,0.0,9,11,gymnastics,3,0.0,1.0,0.0,0.0,1.0,0.0,1.0,0.0,1.0,0.0,0.0
700,701,20.14,0.21,0.79,7,12,frisbee,3,0.0,1.0,0.0,1.0,0.0,0.0,1.0,0.0,1.0,0.0,0.0
701,702,31.6,0.66,0.0,9,9,football,3,0.0,1.0,0.0,1.0,0.0,0.0,1.0,0.0,1.0,0.0,0.0
702,703,56.05,0.84,0.8200000000000001,5,8,frisbee,1,0.0,1.0,0.0,1.0,0.0,0.0,1.0,0.0,0.0,1.0,0.0
703,704,47.46,0.73,0.31,5,10,frisbee,4,0.0,1.0,0.0,1.0,0.0,1.0,0.0,1.0,0.0,0.0,0.0
704,705,48.34,0.06,1.0,6,6,frisbee,2,0.0,1.0,0.0,1.0,0.0,1.0,0.0,0.0,1.0,0.0,0.0
705,706,0.0,0.0,0.07,2,3,football,5,0.0,1.0,0.0,1.0,0.0,0.0,1.0,0.0,0.0,0.0,1.0
706,707,56.49,0.97,0.7000000000000001,6,11,basketball,7,0.0,1.0,0.0,1.0,0.0,1.0,0.0,0.0,0.0,0.0,1.0
707,708,0.0,0.0,0.31,0,1,table tennis,5,0.0,1.0,0.0,1.0,0.0,0.0,1.0,1.0,0.0,0.0,0.0
708,709,14.79,1.0,0.04,3,2,curling,5,0.0,1.0,0.0,1.0,0.0,0.0,1.0,0.0,1.0,0.0,0.0
709,710,36.98,0.0,0.5700000000000001,7,9,baseball,4,0.0,1.0,0.0,1.0,0.0,1.0,0.0,0.0,0.0,0.0,1.0
710,711,0.0,0.0,0.0,0,0,baseball,3,0.0,1.0,0.0,0.0,1.0,0.0,1.0,0.0,0.0,0.0,1.0
711,712,28.2,0.43,0.0,1,0,football,6,0.0,1.0,0.0,0.0,1.0,0.0,1.0,0.0,1.0,0.0,0.0
712,713,60.6,1.0,0.91,4,5,table tennis,5,0.0,1.0,0.0,0.0,1.0,0.0,1.0,0.0,1.0,0.0,0.0
713,714,46.79,1.0,0.31,6,1,gymnastics,4,0.0,1.0,0.0,0.0,1.0,0.0,1.0,1.0,0.0,0.0,0.0
714,715,63.96,1.0,0.37,9,12,basketball,2,0.0,1.0,0.0,0.0,1.0,0.0,1.0,0.0,0.0,0.0,1.0
715,716,38.71,0.44,1.0,2,0,baseball,4,0.0,1.0,0.0,0.0,1.0,0.0,1.0,0.0,0.0,1.0,0.0
716,717,73.43,0.86,1.0,5,11,frisbee,3,0.0,1.0,0.0,0.0,1.0,0.0,1.0,0.0,0.0,1.0,0.0
717,718,29.86,0.37,0.1,0,3,basketball,3,0.0,1.0,0.0,0.0,1.0,0.0,1.0,1.0,0.0,0.0,0.0
718,719,27.8,0.17,0.71,2,8,frisbee,4,0.0,1.0,0.0,0.0,1.0,0.0,1.0,0.0,1.0,0.0,0.0
719,720,1.84,0.0,0.09,1,4,table tennis,4,0.0,1.0,0.0,0.0,1.0,0.0,1.0,1.0,0.0,0.0,0.0
720,721,30.69,1.0,0.0,8,12,curling,7,0.0,1.0,0.0,0.0,1.0,0.0,1.0,1.0,0.0,0.0,0.0
721,722,34.11,0.62,0.21,9,6,curling,3,0.0,1.0,0.0,0.0,1.0,1.0,0.0,0.0,1.0,0.0,0.0
722,723,24.8,1.0,0.0,9,12,baseball,6,0.0,1.0,0.0,0.0,1.0,1.0,0.0,0.0,0.0,0.0,1.0
723,724,7.9,0.43,0.0,6,0,baseball,3,0.0,1.0,0.0,0.0,1.0,0.0,1.0,0.0,1.0,0.0,0.0
724,725,72.78,0.76,1.0,10,11,table tennis,4,0.0,1.0,0.0,0.0,1.0,0.0,1.0,0.0,0.0,1.0,0.0
725,726,27.06,0.27,0.35,2,10,curling,2,0.0,1.0,0.0,0.0,1.0,1.0,0.0,0.0,1.0,0.0,0.0
726,727,22.02,0.49,0.28,4,2,curling,5,0.0,1.0,0.0,0.0,1.0,0.0,1.0,0.0,0.0,0.0,1.0
727,728,64.55,0.9,1.0,5,9,baseball,3,0.0,1.0,0.0,0.0,1.0,0.0,1.0,0.0,1.0,0.0,0.0
728,729,23.69,0.33,0.58,1,8,frisbee,3,0.0,1.0,0.0,0.0,1.0,0.0,1.0,0.0,0.0,0.0,1.0
729,730,58.99,0.74,0.55,10,5,frisbee,4,0.0,1.0,0.0,0.0,1.0,0.0,1.0,0.0,0.0,0.0,1.0
730,731,7.58,0.33,0.35,3,3,basketball,2,0.0,1.0,0.0,0.0,1.0,0.0,1.0,1.0,0.0,0.0,0.0
731,732,0.0,0.0,0.14,3,0,table tennis,4,0.0,1.0,0.0,0.0,1.0,0.0,1.0,0.0,0.0,0.0,1.0
732,733,0.0,0.49,0.54,2,0,football,7,0.0,1.0,0.0,0.0,1.0,0.0,1.0,0.0,0.0,0.0,1.0
733,734,21.68,0.07,0.0,9,7,frisbee,3,0.0,1.0,0.0,0.0,1.0,0.0,1.0,0.0,1.0,0.0,0.0
734,735,57.25,1.0,0.64,9,11,frisbee,2,0.0,1.0,0.0,0.0,1.0,0.0,1.0,0.0,1.0,0.0,0.0
735,736,12.52,0.0,0.0,9,8,table tennis,3,0.0,1.0,0.0,0.0,1.0,0.0,1.0,1.0,0.0,0.0,0.0
736,737,11.06,0.62,0.16,5,1,gymnastics,2,0.0,1.0,0.0,0.0,1.0,1.0,0.0,0.0,0.0,1.0,0.0
737,738,62.76,1.0,1.0,7,2,curling,6,0.0,1.0,0.0,0.0,1.0,1.0,0.0,0.0,0.0,0.0,1.0
738,739,73.05,1.0,1.0,9,5,football,4,0.0,1.0,0.0,0.0,1.0,1.0,0.0,0.0,0.0,1.0,0.0
739,740,33.89,0.8,0.73,6,7,gymnastics,6,0.0,1.0,0.0,0.0,1.0,0.0,1.0,0.0,1.0,0.0,0.0
740,741,22.88,0.03,0.96,7,12,curling,3,0.0,1.0,0.0,0.0,1.0,1.0,0.0,0.0,1.0,0.0,0.0
741,742,19.63,0.0,0.63,0,5,frisbee,3,0.0,1.0,0.0,0.0,1.0,0.0,1.0,0.0,0.0,0.0,1.0
742,743,37.1,0.86,0.09,8,9,gymnastics,6,0.0,1.0,0.0,0.0,1.0,1.0,0.0,1.0,0.0,0.0,0.0
743,744,74.06,0.98,1.0,5,7,basketball,4,0.0,1.0,0.0,0.0,1.0,0.0,1.0,0.0,0.0,0.0,1.0
744,745,28.25,0.37,0.0,4,4,frisbee,3,0.0,1.0,0.0,0.0,1.0,0.0,1.0,1.0,0.0,0.0,0.0
745,746,23.76,0.0,0.66,5,5,martial arts,3,0.0,1.0,0.0,0.0,1.0,0.0,1.0,0.0,1.0,0.0,0.0
746,747,31.1,0.16,0.17,4,6,martial arts,6,0.0,1.0,0.0,0.0,1.0,0.0,1.0,1.0,0.0,0.0,0.0
747,748,26.18,0.22,0.77,1,3,table tennis,2,0.0,1.0,0.0,0.0,1.0,0.0,1.0,0.0,0.0,1.0,0.0
748,749,46.83,0.75,0.6,7,11,table tennis,4,0.0,1.0,0.0,0.0,1.0,0.0,1.0,0.0,0.0,0.0,1.0
749,750,37.45,0.0,0.21,4,11,football,3,0.0,1.0,0.0,0.0,1.0,0.0,1.0,0.0,1.0,0.0,0.0
750,751,25.86,0.03,0.0,6,9,martial arts,1,0.0,1.0,0.0,0.0,1.0,0.0,1.0,0.0,1.0,0.0,0.0
751,752,14.71,0.0,0.96,2,3,basketball,3,0.0,1.0,0.0,0.0,1.0,0.0,1.0,0.0,0.0,0.0,1.0
752,753,27.37,0.66,0.0,7,12,curling,3,0.0,1.0,0.0,0.0,1.0,0.0,1.0,0.0,0.0,1.0,0.0
753,754,45.51,0.87,0.94,0,5,table tennis,4,0.0,1.0,0.0,0.0,1.0,0.0,1.0,0.0,0.0,0.0,1.0
754,755,3.31,0.12,0.13,7,5,gymnastics,6,0.0,1.0,0.0,0.0,1.0,0.0,1.0,0.0,1.0,0.0,0.0
755,756,22.25,0.9,0.0,7,0,gymnastics,4,0.0,1.0,0.0,0.0,1.0,0.0,1.0,0.0,0.0,0.0,1.0
756,757,28.41,0.25,0.23,6,2,table tennis,4,0.0,1.0,0.0,0.0,1.0,0.0,1.0,0.0,1.0,0.0,0.0
757,758,29.05,0.49,0.85,6,9,curling,5,0.0,1.0,0.0,0.0,1.0,0.0,1.0,0.0,0.0,0.0,1.0
758,759,8.64,0.31,0.11,5,3,football,3,0.0,1.0,0.0,0.0,1.0,0.0,1.0,0.0,1.0,0.0,0.0
759,760,78.27,0.98,1.0,9,9,football,2,0.0,1.0,0.0,0.0,1.0,0.0,1.0,0.0,0.0,1.0,0.0
760,761,39.69,0.11,0.73,8,7,martial arts,3,0.0,1.0,0.0,0.0,1.0,1.0,0.0,0.0,0.0,1.0,0.0
761,762,54.79,0.76,0.22,10,7,gymnastics,1,0.0,1.0,0.0,0.0,1.0,0.0,1.0,0.0,1.0,0.0,0.0
762,763,14.51,0.03,0.78,2,5,curling,3,0.0,1.0,0.0,0.0,1.0,0.0,1.0,0.0,1.0,0.0,0.0
763,764,34.21,0.31,0.44,2,11,frisbee,4,0.0,1.0,0.0,0.0,1.0,0.0,1.0,1.0,0.0,0.0,0.0
764,765,38.28,0.0,0.0,0,2,curling,5,0.0,1.0,0.0,0.0,1.0,1.0,0.0,0.0,0.0,0.0,1.0
765,766,42.5,0.13,1.0,1,8,football,2,0.0,1.0,0.0,0.0,1.0,0.0,1.0,0.0,0.0,1.0,0.0
766,767,19.67,0.0,0.5700000000000001,7,1,curling,1,0.0,1.0,0.0,0.0,1.0,0.0,1.0,0.0,1.0,0.0,0.0
767,768,26.18,0.29,0.0,7,4,baseball,4,0.0,1.0,0.0,0.0,1.0,0.0,1.0,0.0,1.0,0.0,0.0
768,769,23.7,0.0,0.01,4,3,football,6,0.0,1.0,0.0,0.0,1.0,1.0,0.0,0.0,1.0,0.0,0.0
769,770,34.72,0.34,0.46,7,9,martial arts,2,0.0,1.0,0.0,0.0,1.0,1.0,0.0,0.0,0.0,1.0,0.0
770,771,47.72,0.99,0.25,10,4,martial arts,6,0.0,1.0,0.0,0.0,1.0,0.0,1.0,1.0,0.0,0.0,0.0
771,772,54.24,1.0,0.94,8,0,table tennis,3,0.0,1.0,0.0,0.0,1.0,0.0,1.0,0.0,1.0,0.0,0.0
772,773,52.32,0.85,0.72,6,6,martial arts,3,0.0,1.0,0.0,0.0,1.0,0.0,1.0,0.0,1.0,0.0,0.0
773,774,19.06,0.0,1.0,2,6,martial arts,4,0.0,1.0,0.0,0.0,1.0,0.0,1.0,0.0,1.0,0.0,0.0
774,775,0.0,0.12,0.08,1,2,baseball,4,0.0,1.0,0.0,0.0,1.0,0.0,1.0,1.0,0.0,0.0,0.0
775,776,26.77,0.16,0.94,0,5,frisbee,5,0.0,1.0,0.0,0.0,1.0,0.0,1.0,0.0,1.0,0.0,0.0
776,777,12.63,0.0,0.23,5,11,martial arts,3,0.0,1.0,0.0,0.0,1.0,0.0,1.0,0.0,0.0,0.0,1.0
777,778,51.25,0.5,0.99,1,3,frisbee,4,0.0,1.0,0.0,0.0,1.0,0.0,1.0,0.0,0.0,0.0,1.0
778,779,22.25,0.42,0.0,6,10,curling,2,0.0,1.0,0.0,0.0,1.0,1.0,0.0,0.0,0.0,0.0,1.0
779,780,2.11,0.09,0.19,3,1,curling,4,0.0,1.0,0.0,0.0,1.0,0.0,1.0,0.0,1.0,0.0,0.0
780,781,35.25,0.86,0.18,5,8,table tennis,4,0.0,1.0,0.0,0.0,1.0,0.0,1.0,0.0,1.0,0.0,0.0
781,782,51.84,0.51,0.84,3,8,frisbee,6,0.0,1.0,0.0,0.0,1.0,0.0,1.0,0.0,1.0,0.0,0.0
782,783,31.88,0.59,0.02,5,8,frisbee,3,0.0,1.0,0.0,0.0,1.0,0.0,1.0,0.0,0.0,0.0,1.0
783,784,31.05,0.0,0.04,4,0,martial arts,3,0.0,1.0,0.0,0.0,1.0,0.0,1.0,1.0,0.0,0.0,0.0
784,785,78.02,1.0,1.0,3,5,martial arts,1,0.0,1.0,0.0,0.0,1.0,0.0,1.0,0.0,0.0,1.0,0.0
785,786,0.0,0.0,0.28,3,0,curling,3,0.0,1.0,0.0,0.0,1.0,1.0,0.0,1.0,0.0,0.0,0.0
786,787,30.92,0.0,1.0,1,2,frisbee,5,0.0,1.0,0.0,0.0,1.0,0.0,1.0,0.0,1.0,0.0,0.0
787,788,35.37,0.0,0.0,8,1,football,4,0.0,1.0,0.0,0.0,1.0,0.0,1.0,1.0,0.0,0.0,0.0
788,789,27.08,0.12,0.93,1,5,frisbee,3,0.0,1.0,0.0,0.0,1.0,1.0,0.0,0.0,0.0,1.0,0.0
789,790,65.63,1.0,0.97,4,1,frisbee,4,0.0,1.0,0.0,0.0,1.0,0.0,1.0,0.0,1.0,0.0,0.0
790,791,76.36,0.94,0.96,8,9,martial arts,3,0.0,1.0,0.0,0.0,1.0,0.0,1.0,0.0,1.0,0.0,0.0
791,792,10.76,0.09,0.12,3,3,curling,3,0.0,1.0,0.0,0.0,1.0,0.0,1.0,0.0,0.0,0.0,1.0
792,793,13.36,0.07,0.48,5,8,gymnastics,4,0.0,1.0,0.0,0.0,1.0,0.0,1.0,0.0,0.0,0.0,1.0
793,794,49.49,0.81,0.84,3,2,martial arts,2,0.0,1.0,0.0,0.0,1.0,1.0,0.0,0.0,1.0,0.0,0.0
794,795,40.66,1.0,0.5700000000000001,2,7,curling,3,0.0,1.0,0.0,0.0,1.0,0.0,1.0,0.0,0.0,1.0,0.0
795,796,35.22,0.1,0.94,0,9,basketball,2,0.0,1.0,0.0,0.0,1.0,0.0,1.0,0.0,0.0,0.0,1.0
796,797,36.47,0.5700000000000001,0.56,8,3,curling,4,0.0,1.0,0.0,0.0,1.0,0.0,1.0,0.0,0.0,0.0,1.0
797,798,31.36,0.54,0.27,5,9,gymnastics,5,0.0,1.0,0.0,0.0,1.0,0.0,1.0,0.0,0.0,0.0,1.0
798,799,44.69,0.03,1.0,7,4,table tennis,2,0.0,1.0,0.0,0.0,1.0,0.0,1.0,0.0,1.0,0.0,0.0
799,800,30.92,0.08,0.63,5,11,martial arts,4,0.0,1.0,0.0,0.0,1.0,0.0,1.0,0.0,0.0,0.0,1.0
800,801,15.21,0.16,0.0,4,3,football,5,0.0,1.0,1.0,0.0,0.0,0.0,1.0,0.0,0.0,0.0,1.0
801,802,18.18,0.03,0.0,2,0,table tennis,3,0.0,1.0,1.0,0.0,0.0,0.0,1.0,0.0,0.0,0.0,1.0
802,803,53.22,0.71,0.64,9,11,curling,6,0.0,1.0,1.0,0.0,0.0,0.0,1.0,0.0,0.0,0.0,1.0
803,804,68.9,0.68,0.92,8,7,football,3,0.0,1.0,1.0,0.0,0.0,0.0,1.0,0.0,0.0,1.0,0.0
804,805,74.44,1.0,1.0,0,0,basketball,4,0.0,1.0,1.0,0.0,0.0,0.0,1.0,0.0,1.0,0.0,0.0
805,806,52.53,0.49,0.87,3,10,baseball,3,0.0,1.0,1.0,0.0,0.0,0.0,1.0,0.0,0.0,1.0,0.0
806,807,30.87,0.39,0.05,6,7,gymnastics,4,0.0,1.0,1.0,0.0,0.0,0.0,1.0,1.0,0.0,0.0,0.0
807,808,31.28,0.0,0.66,2,2,frisbee,3,0.0,1.0,1.0,0.0,0.0,0.0,1.0,0.0,1.0,0.0,0.0
808,809,24.08,0.72,0.08,1,1,curling,4,0.0,1.0,1.0,0.0,0.0,0.0,1.0,1.0,0.0,0.0,0.0
809,810,22.86,0.02,0.0,1,9,football,6,0.0,1.0,1.0,0.0,0.0,1.0,0.0,0.0,0.0,0.0,1.0
810,811,17.77,0.42,0.0,5,4,baseball,5,0.0,1.0,0.0,0.0,1.0,0.0,1.0,1.0,0.0,0.0,0.0
811,812,54.0,1.0,0.59,9,11,table tennis,4,0.0,1.0,0.0,0.0,1.0,0.0,1.0,0.0,0.0,0.0,1.0
812,813,61.84,1.0,0.96,4,7,curling,5,0.0,1.0,0.0,0.0,1.0,0.0,1.0,0.0,0.0,1.0,0.0
813,814,47.84,0.99,0.36,6,8,football,4,0.0,1.0,0.0,0.0,1.0,0.0,1.0,1.0,0.0,0.0,0.0
814,815,15.5,0.0,0.09,4,6,baseball,4,0.0,1.0,0.0,0.0,1.0,0.0,1.0,0.0,0.0,0.0,1.0
815,816,30.91,0.35,0.23,8,9,curling,3,0.0,1.0,0.0,0.0,1.0,0.0,1.0,0.0,1.0,0.0,0.0
816,817,32.07,1.0,0.61,3,0,table tennis,6,0.0,1.0,0.0,0.0,1.0,0.0,1.0,0.0,0.0,0.0,1.0
817,818,25.69,0.1,0.12,0,8,baseball,5,0.0,1.0,0.0,0.0,1.0,0.0,1.0,1.0,0.0,0.0,0.0
818,819,5.89,0.4,0.34,2,12,table tennis,5,0.0,1.0,0.0,0.0,1.0,0.0,1.0,0.0,0.0,0.0,1.0
819,820,30.82,0.43,0.49,6,3,curling,7,0.0,1.0,0.0,0.0,1.0,0.0,1.0,1.0,0.0,0.0,0.0
820,821,67.73,0.68,0.98,8,9,table tennis,3,0.0,1.0,0.0,0.0,1.0,0.0,1.0,0.0,0.0,0.0,1.0
821,822,52.98,0.93,0.07,9,7,table tennis,3,0.0,1.0,0.0,0.0,1.0,0.0,1.0,1.0,0.0,0.0,0.0
822,823,52.52,0.63,0.9,8,12,baseball,3,0.0,1.0,0.0,0.0,1.0,0.0,1.0,0.0,0.0,1.0,0.0
823,824,74.49,0.97,1.0,5,10,martial arts,6,0.0,1.0,0.0,0.0,1.0,0.0,1.0,0.0,0.0,0.0,1.0
824,825,40.68,0.9,0.0,10,2,gymnastics,3,0.0,1.0,0.0,0.0,1.0,0.0,1.0,0.0,0.0,0.0,1.0
825,826,30.42,0.05,0.85,5,8,baseball,3,0.0,1.0,0.0,0.0,1.0,0.0,1.0,0.0,0.0,0.0,1.0
826,827,0.0,0.07,0.03,3,1,baseball,5,0.0,1.0,0.0,0.0,1.0,0.0,1.0,1.0,0.0,0.0,0.0
827,828,73.22,0.9,0.99,5,7,martial arts,5,0.0,1.0,0.0,0.0,1.0,0.0,1.0,0.0,1.0,0.0,0.0
828,829,54.22,0.07,0.0,6,11,football,5,0.0,1.0,0.0,0.0,1.0,0.0,1.0,0.0,0.0,0.0,1.0
829,830,44.15,0.99,0.0,7,12,curling,3,0.0,1.0,0.0,0.0,1.0,0.0,1.0,0.0,1.0,0.0,0.0
830,831,74.38,0.8200000000000001,0.99,9,12,table tennis,4,0.0,1.0,0.0,0.0,1.0,0.0,1.0,0.0,0.0,0.0,1.0
831,832,46.43,0.78,0.73,2,4,baseball,5,0.0,1.0,0.0,0.0,1.0,0.0,1.0,1.0,0.0,0.0,0.0
832,833,45.84,0.39,0.86,8,3,curling,1,0.0,1.0,0.0,0.0,1.0,1.0,0.0,0.0,0.0,1.0,0.0
833,834,44.89,1.0,0.52,5,3,basketball,6,0.0,1.0,0.0,0.0,1.0,0.0,1.0,0.0,0.0,0.0,1.0
834,835,51.48,0.5,1.0,0,2,martial arts,4,0.0,1.0,0.0,0.0,1.0,0.0,1.0,0.0,1.0,0.0,0.0
835,836,51.8,1.0,0.37,10,3,curling,8,0.0,1.0,0.0,0.0,1.0,0.0,1.0,0.0,0.0,0.0,1.0
836,837,20.86,0.32,0.73,1,5,frisbee,4,0.0,1.0,0.0,0.0,1.0,0.0,1.0,0.0,1.0,0.0,0.0
837,838,45.53,0.81,0.52,5,2,basketball,3,0.0,1.0,0.0,0.0,1.0,0.0,1.0,0.0,0.0,0.0,1.0
838,839,30.55,1.0,0.04,7,0,table tennis,4,0.0,1.0,0.0,0.0,1.0,0.0,1.0,1.0,0.0,0.0,0.0
839,840,38.15,0.78,0.0,7,2,baseball,3,0.0,1.0,0.0,0.0,1.0,0.0,1.0,0.0,0.0,0.0,1.0
840,841,41.12,1.0,0.41,6,6,table tennis,5,0.0,1.0,0.0,0.0,1.0,0.0,1.0,0.0,0.0,1.0,0.0
841,842,71.82000000000001,0.99,1.0,7,9,curling,5,0.0,1.0,0.0,0.0,1.0,0.0,1.0,0.0,0.0,1.0,0.0
842,843,10.38,0.27,0.81,0,0,frisbee,1,0.0,1.0,0.0,0.0,1.0,0.0,1.0,0.0,1.0,0.0,0.0
843,844,58.25,0.89,0.97,5,2,baseball,5,0.0,1.0,0.0,0.0,1.0,0.0,1.0,0.0,0.0,1.0,0.0
844,845,20.28,0.08,0.74,6,2,frisbee,2,0.0,1.0,0.0,0.0,1.0,0.0,1.0,0.0,0.0,0.0,1.0
845,846,57.7,0.95,0.91,1,2,basketball,4,0.0,1.0,0.0,0.0,1.0,0.0,1.0,0.0,0.0,0.0,1.0
846,847,60.84,1.0,0.89,10,12,curling,7,0.0,1.0,0.0,0.0,1.0,0.0,1.0,0.0,0.0,0.0,1.0
847,848,64.52,1.0,1.0,2,3,curling,5,0.0,1.0,0.0,0.0,1.0,0.0,1.0,0.0,1.0,0.0,0.0
848,849,49.92,0.66,0.92,0,6,basketball,3,0.0,1.0,0.0,0.0,1.0,0.0,1.0,0.0,1.0,0.0,0.0
849,850,14.94,0.0,0.29,4,3,baseball,2,0.0,1.0,0.0,0.0,1.0,0.0,1.0,0.0,0.0,0.0,1.0
850,851,42.34,0.67,0.51,2,3,curling,3,0.0,1.0,0.0,0.0,1.0,0.0,1.0,0.0,1.0,0.0,0.0
851,852,40.71,0.44,0.9,2,2,basketball,3,0.0,1.0,0.0,0.0,1.0,1.0,0.0,0.0,1.0,0.0,0.0
852,853,54.57,0.88,0.58,8,11,martial arts,5,0.0,1.0,0.0,0.0,1.0,0.0,1.0,0.0,0.0,0.0,1.0
853,854,32.8,0.16,0.58,8,7,curling,1,0.0,1.0,0.0,0.0,1.0,1.0,0.0,0.0,0.0,1.0,0.0
854,855,47.46,0.58,0.59,9,10,curling,1,0.0,1.0,0.0,0.0,1.0,0.0,1.0,0.0,0.0,1.0,0.0
855,856,68.71000000000001,0.54,1.0,10,12,frisbee,4,0.0,1.0,0.0,0.0,1.0,0.0,1.0,0.0,0.0,1.0,0.0
856,857,28.07,0.0,0.85,5,12,basketball,2,0.0,1.0,0.0,0.0,1.0,1.0,0.0,0.0,1.0,0.0,0.0
857,858,30.39,0.27,1.0,1,11,curling,4,0.0,1.0,0.0,0.0,1.0,0.0,1.0,0.0,1.0,0.0,0.0
858,859,38.8,0.89,0.67,4,1,frisbee,5,0.0,1.0,0.0,0.0,1.0,0.0,1.0,0.0,1.0,0.0,0.0
859,860,39.7,0.13,0.78,10,11,basketball,1,0.0,1.0,0.0,0.0,1.0,1.0,0.0,0.0,0.0,1.0,0.0
860,861,45.92,0.74,0.72,9,6,curling,3,0.0,1.0,0.0,0.0,1.0,0.0,1.0,0.0,1.0,0.0,0.0
861,862,9.91,0.5,0.72,0,0,martial arts,3,0.0,1.0,0.0,0.0,1.0,1.0,0.0,0.0,0.0,0.0,1.0
862,863,55.97,0.65,1.0,6,4,martial arts,5,0.0,1.0,0.0,0.0,1.0,1.0,0.0,1.0,0.0,0.0,0.0
863,864,69.82000000000001,1.0,1.0,6,8,frisbee,4,0.0,1.0,0.0,0.0,1.0,0.0,1.0,0.0,1.0,0.0,0.0
864,865,21.26,0.99,0.0,10,11,baseball,6,0.0,1.0,0.0,0.0,1.0,0.0,1.0,0.0,0.0,0.0,1.0
865,866,18.98,0.15,0.17,5,12,baseball,3,0.0,1.0,0.0,0.0,1.0,0.0,1.0,0.0,1.0,0.0,0.0
866,867,0.0,0.29,0.52,0,1,curling,1,0.0,1.0,0.0,0.0,1.0,1.0,0.0,0.0,0.0,1.0,0.0
867,868,40.07,0.8,0.41,8,10,table tennis,3,0.0,1.0,0.0,0.0,1.0,0.0,1.0,0.0,1.0,0.0,0.0
868,869,10.68,0.38,0.6900000000000001,6,12,table tennis,3,0.0,1.0,0.0,0.0,1.0,1.0,0.0,0.0,1.0,0.0,0.0
869,870,32.08,0.76,0.61,7,1,basketball,3,0.0,1.0,0.0,0.0,1.0,0.0,1.0,0.0,0.0,1.0,0.0
870,871,60.47,0.97,0.76,10,7,curling,3,0.0,1.0,0.0,0.0,1.0,1.0,0.0,0.0,0.0,1.0,0.0
871,872,18.88,0.0,1.0,0,7,gymnastics,6,0.0,1.0,0.0,0.0,1.0,0.0,1.0,0.0,0.0,1.0,0.0
872,873,12.27,0.77,0.0,5,2,curling,7,0.0,1.0,0.0,0.0,1.0,1.0,0.0,1.0,0.0,0.0,0.0
873,874,29.39,0.79,0.0,9,7,football,3,0.0,1.0,0.0,0.0,1.0,0.0,1.0,0.0,0.0,0.0,1.0
874,875,27.43,0.7000000000000001,0.0,6,9,martial arts,5,0.0,1.0,0.0,0.0,1.0,0.0,1.0,1.0,0.0,0.0,0.0
875,876,23.6,0.04,0.0,7,4,football,4,0.0,1.0,0.0,0.0,1.0,1.0,0.0,0.0,0.0,0.0,1.0
876,877,78.96000000000001,1.0,0.96,10,2,martial arts,4,0.0,1.0,0.0,0.0,1.0,0.0,1.0,0.0,1.0,0.0,0.0
877,878,56.86,0.8200000000000001,0.97,2,11,basketball,4,0.0,1.0,0.0,0.0,1.0,0.0,1.0,0.0,1.0,0.0,0.0
878,879,29.87,0.56,0.0,10,9,table tennis,3,0.0,1.0,0.0,0.0,1.0,1.0,0.0,0.0,0.0,0.0,1.0
879,880,15.55,0.0,0.26,5,4,martial arts,2,0.0,1.0,0.0,0.0,1.0,1.0,0.0,1.0,0.0,0.0,0.0
880,881,0.0,0.35,0.0,5,0,baseball,4,0.0,1.0,0.0,0.0,1.0,0.0,1.0,0.0,1.0,0.0,0.0
881,882,42.76,0.48,0.75,2,9,martial arts,3,0.0,1.0,0.0,0.0,1.0,0.0,1.0,0.0,1.0,0.0,0.0
882,883,16.12,0.42,0.19,4,4,football,4,0.0,1.0,0.0,0.0,1.0,0.0,1.0,0.0,0.0,0.0,1.0
883,884,28.9,0.45,0.85,4,11,baseball,4,0.0,1.0,0.0,0.0,1.0,0.0,1.0,0.0,0.0,1.0,0.0
884,885,46.95,1.0,0.0,8,9,baseball,4,0.0,1.0,0.0,0.0,1.0,0.0,1.0,0.0,1.0,0.0,0.0
885,886,33.15,0.3,0.68,9,9,football,3,0.0,1.0,0.0,0.0,1.0,0.0,1.0,0.0,0.0,0.0,1.0
886,887,58.6,1.0,0.84,1,7,basketball,3,0.0,1.0,0.0,0.0,1.0,0.0,1.0,0.0,0.0,1.0,0.0
887,888,62.43,1.0,0.88,9,12,curling,4,0.0,1.0,0.0,0.0,1.0,0.0,1.0,0.0,0.0,1.0,0.0
888,889,65.09,0.64,0.9,10,4,frisbee,4,0.0,1.0,0.0,0.0,1.0,0.0,1.0,0.0,1.0,0.0,0.0
889,890,20.04,0.02,0.0,8,6,football,3,0.0,1.0,0.0,0.0,1.0,0.0,1.0,0.0,1.0,0.0,0.0
890,891,35.14,0.28,0.32,6,11,frisbee,1,0.0,1.0,0.0,0.0,1.0,0.0,1.0,0.0,1.0,0.0,0.0
891,892,34.94,0.46,0.67,8,3,baseball,3,0.0,1.0,0.0,0.0,1.0,1.0,0.0,0.0,1.0,0.0,0.0
892,893,22.36,0.49,0.04,3,3,table tennis,4,0.0,1.0,0.0,0.0,1.0,0.0,1.0,0.0,0.0,0.0,1.0
893,894,6.49,0.03,0.0,0,0,table tennis,3,0.0,1.0,0.0,0.0,1.0,0.0,1.0,0.0,0.0,0.0,1.0
894,895,21.76,0.0,0.0,1,8,baseball,2,0.0,1.0,0.0,0.0,1.0,1.0,0.0,0.0,1.0,0.0,0.0
895,896,13.25,0.0,0.0,2,4,martial arts,3,0.0,1.0,0.0,0.0,1.0,0.0,1.0,0.0,1.0,0.0,0.0
896,897,12.49,0.5,0.17,2,5,curling,5,0.0,1.0,0.0,0.0,1.0,1.0,0.0,0.0,0.0,0.0,1.0
897,898,57.61,1.0,0.9,5,7,football,5,0.0,1.0,0.0,0.0,1.0,0.0,1.0,0.0,1.0,0.0,0.0
898,899,43.42,1.0,0.31,7,9,table tennis,4,0.0,1.0,0.0,0.0,1.0,0.0,1.0,0.0,1.0,0.0,0.0
899,900,47.31,1.0,0.02,8,12,football,4,0.0,1.0,0.0,0.0,1.0,0.0,1.0,0.0,0.0,0.0,1.0
900,901,42.71,0.51,0.49,10,5,curling,3,0.0,1.0,0.0,0.0,1.0,0.0,1.0,0.0,1.0,0.0,0.0
901,902,30.89,0.45,0.02,10,4,table tennis,4,0.0,1.0,0.0,0.0,1.0,0.0,1.0,0.0,0.0,0.0,1.0
902,903,24.4,0.33,0.42,9,3,curling,3,0.0,1.0,0.0,0.0,1.0,0.0,1.0,0.0,0.0,1.0,0.0
903,904,61.24,0.79,0.81,8,7,frisbee,3,0.0,1.0,0.0,0.0,1.0,1.0,0.0,0.0,1.0,0.0,0.0
904,905,53.24,1.0,0.59,5,11,frisbee,4,0.0,1.0,0.0,0.0,1.0,0.0,1.0,1.0,0.0,0.0,0.0
905,906,23.09,0.54,0.08,0,12,gymnastics,3,0.0,1.0,0.0,0.0,1.0,1.0,0.0,0.0,0.0,1.0,0.0
906,907,26.65,0.0,0.0,9,5,gymnastics,3,0.0,1.0,0.0,0.0,1.0,1.0,0.0,0.0,0.0,1.0,0.0
907,908,5.38,0.19,0.12,8,3,football,6,0.0,1.0,0.0,0.0,1.0,0.0,1.0,0.0,1.0,0.0,0.0
908,909,47.76,0.35,1.0,9,10,gymnastics,6,0.0,1.0,0.0,0.0,1.0,0.0,1.0,0.0,0.0,0.0,1.0
909,910,60.1,0.71,0.96,3,5,table tennis,3,0.0,1.0,0.0,0.0,1.0,0.0,1.0,0.0,0.0,1.0,0.0
910,911,58.620000000000005,0.87,0.73,10,8,table tennis,3,0.0,1.0,0.0,0.0,1.0,0.0,1.0,0.0,0.0,1.0,0.0
911,912,0.0,0.16,0.0,3,7,baseball,3,0.0,1.0,0.0,0.0,1.0,1.0,0.0,0.0,1.0,0.0,0.0
912,913,8.96,0.0,0.29,2,4,martial arts,5,0.0,1.0,0.0,0.0,1.0,1.0,0.0,0.0,1.0,0.0,0.0
913,914,56.35,0.95,0.88,1,10,basketball,3,0.0,1.0,0.0,0.0,1.0,0.0,1.0,0.0,1.0,0.0,0.0
914,915,29.08,0.84,0.19,6,1,table tennis,3,0.0,1.0,0.0,0.0,1.0,1.0,0.0,0.0,0.0,1.0,0.0
915,916,7.42,0.0,0.0,1,3,table tennis,5,0.0,1.0,0.0,0.0,1.0,0.0,1.0,0.0,0.0,0.0,1.0
916,917,64.77,1.0,1.0,4,5,table tennis,4,0.0,1.0,0.0,0.0,1.0,0.0,1.0,0.0,1.0,0.0,0.0
917,918,31.18,0.98,0.0,9,11,table tennis,4,0.0,1.0,0.0,0.0,1.0,0.0,1.0,0.0,1.0,0.0,0.0
918,919,40.89,0.37,0.58,10,9,martial arts,2,0.0,1.0,0.0,0.0,1.0,1.0,0.0,0.0,0.0,1.0,0.0
919,920,26.0,0.86,0.6,2,0,table tennis,4,0.0,1.0,0.0,0.0,1.0,0.0,1.0,0.0,0.0,0.0,1.0
920,921,33.78,0.59,0.21,8,11,football,5,0.0,1.0,0.0,0.0,1.0,1.0,0.0,0.0,0.0,0.0,1.0
921,922,49.59,1.0,0.31,7,12,martial arts,4,0.0,1.0,0.0,0.0,1.0,0.0,1.0,0.0,0.0,0.0,1.0
922,923,0.0,0.31,0.0,3,1,curling,4,0.0,1.0,0.0,0.0,1.0,0.0,1.0,0.0,1.0,0.0,0.0
923,924,35.550000000000004,1.0,0.0,10,11,curling,6,0.0,1.0,0.0,0.0,1.0,0.0,1.0,0.0,1.0,0.0,0.0
924,925,66.0,1.0,1.0,5,3,table tennis,5,0.0,1.0,0.0,0.0,1.0,0.0,1.0,0.0,0.0,1.0,0.0
925,926,44.19,1.0,0.28,6,8,frisbee,4,0.0,1.0,0.0,0.0,1.0,0.0,1.0,0.0,1.0,0.0,0.0
926,927,77.05,1.0,1.0,9,3,table tennis,6,0.0,1.0,0.0,0.0,1.0,1.0,0.0,1.0,0.0,0.0,0.0
927,928,28.25,0.85,0.0,1,3,curling,3,0.0,1.0,0.0,0.0,1.0,0.0,1.0,0.0,0.0,1.0,0.0
928,929,28.68,0.0,0.16,8,6,football,3,0.0,1.0,0.0,0.0,1.0,0.0,1.0,0.0,1.0,0.0,0.0
929,930,100.0,0.19,0.0,3,1,baseball,6,0.0,1.0,0.0,0.0,1.0,1.0,0.0,1.0,0.0,0.0,0.0
930,931,40.76,0.07,0.76,1,9,table tennis,4,0.0,1.0,0.0,0.0,1.0,0.0,1.0,1.0,0.0,0.0,0.0
931,932,41.92,1.0,0.46,6,11,curling,8,0.0,1.0,0.0,0.0,1.0,0.0,1.0,0.0,0.0,0.0,1.0
932,933,71.33,1.0,1.0,7,1,curling,3,0.0,1.0,0.0,0.0,1.0,0.0,1.0,0.0,0.0,1.0,0.0
933,934,34.300000000000004,1.0,0.14,7,4,curling,3,0.0,1.0,0.0,0.0,1.0,0.0,1.0,0.0,0.0,1.0,0.0
934,935,49.0,0.19,0.81,8,6,basketball,3,0.0,1.0,0.0,0.0,1.0,1.0,0.0,0.0,1.0,0.0,0.0
935,936,50.620000000000005,0.54,1.0,4,3,table tennis,7,0.0,1.0,0.0,0.0,1.0,0.0,1.0,0.0,0.0,0.0,1.0
936,937,76.24,0.0,0.37,1,2,football,3,0.0,1.0,0.0,0.0,1.0,0.0,1.0,0.0,0.0,0.0,1.0
937,938,74.03,0.89,0.99,8,11,curling,3,0.0,1.0,0.0,0.0,1.0,0.0,1.0,0.0,0.0,1.0,0.0
938,939,26.24,0.0,0.68,5,3,martial arts,5,0.0,1.0,0.0,0.0,1.0,1.0,0.0,1.0,0.0,0.0,0.0
939,940,24.62,0.12,0.0,3,3,football,2,0.0,1.0,0.0,0.0,1.0,0.0,1.0,0.0,0.0,1.0,0.0
940,941,47.2,0.5,0.92,4,7,martial arts,2,0.0,1.0,0.0,0.0,1.0,0.0,1.0,0.0,0.0,1.0,0.0
941,942,49.4,0.93,0.64,9,9,table tennis,3,0.0,1.0,0.0,0.0,1.0,1.0,0.0,0.0,1.0,0.0,0.0
942,943,61.26,0.9,0.77,7,7,basketball,3,0.0,1.0,0.0,0.0,1.0,0.0,1.0,0.0,1.0,0.0,0.0
943,944,40.23,1.0,0.1,10,4,curling,7,0.0,1.0,0.0,0.0,1.0,0.0,1.0,1.0,0.0,0.0,0.0
944,945,55.85,0.79,1.0,3,11,baseball,5,0.0,1.0,0.0,0.0,1.0,0.0,1.0,0.0,0.0,1.0,0.0
945,946,57.11,0.98,0.93,3,6,football,4,0.0,1.0,0.0,0.0,1.0,0.0,1.0,0.0,0.0,1.0,0.0
946,947,30.97,0.2,1.0,0,2,frisbee,3,0.0,1.0,0.0,0.0,1.0,0.0,1.0,0.0,0.0,1.0,0.0
947,948,31.99,0.63,0.27,7,1,football,6,0.0,1.0,0.0,0.0,1.0,0.0,1.0,1.0,0.0,0.0,0.0
948,949,29.85,0.11,0.04,6,5,frisbee,2,0.0,1.0,0.0,0.0,1.0,0.0,1.0,0.0,0.0,0.0,1.0
949,950,12.04,0.0,0.47,6,9,baseball,5,0.0,1.0,0.0,0.0,1.0,1.0,0.0,0.0,1.0,0.0,0.0
950,951,60.75,0.96,0.76,2,3,curling,4,0.0,1.0,1.0,0.0,0.0,0.0,1.0,0.0,0.0,1.0,0.0
951,952,27.97,0.02,0.03,6,2,martial arts,3,0.0,1.0,1.0,0.0,0.0,0.0,1.0,0.0,0.0,1.0,0.0
952,953,23.51,0.3,0.11,10,12,curling,6,0.0,1.0,1.0,0.0,0.0,1.0,0.0,0.0,1.0,0.0,0.0
953,954,25.76,0.04,0.24,1,7,curling,1,0.0,1.0,1.0,0.0,0.0,1.0,0.0,0.0,0.0,1.0,0.0
954,955,35.28,0.46,0.32,6,5,gymnastics,3,0.0,1.0,1.0,0.0,0.0,0.0,1.0,0.0,0.0,1.0,0.0
955,956,33.230000000000004,0.22,0.51,2,2,curling,3,0.0,1.0,1.0,0.0,0.0,0.0,1.0,0.0,1.0,0.0,0.0
956,957,49.49,1.0,0.72,3,5,basketball,5,0.0,1.0,1.0,0.0,0.0,1.0,0.0,1.0,0.0,0.0,0.0
957,958,67.9,1.0,0.9,3,10,frisbee,5,0.0,1.0,1.0,0.0,0.0,0.0,1.0,0.0,0.0,1.0,0.0
958,959,47.1,1.0,0.37,6,9,table tennis,3,0.0,1.0,1.0,0.0,0.0,0.0,1.0,0.0,0.0,1.0,0.0
959,960,18.59,0.45,0.26,4,12,curling,7,0.0,1.0,1.0,0.0,0.0,0.0,1.0,1.0,0.0,0.0,0.0
960,961,52.77,0.68,0.67,7,8,football,4,0.0,1.0,1.0,0.0,0.0,0.0,1.0,0.0,1.0,0.0,0.0
961,962,77.79,1.0,1.0,8,8,table tennis,4,0.0,1.0,1.0,0.0,0.0,0.0,1.0,0.0,1.0,0.0,0.0
962,963,51.07,0.39,1.0,1,8,basketball,6,0.0,1.0,1.0,0.0,0.0,0.0,1.0,0.0,1.0,0.0,0.0
963,964,42.78,0.63,0.05,10,11,curling,4,0.0,1.0,1.0,0.0,0.0,0.0,1.0,0.0,0.0,0.0,1.0
964,965,23.46,0.0,0.0,3,5,martial arts,3,0.0,1.0,1.0,0.0,0.0,0.0,1.0,0.0,0.0,0.0,1.0
965,966,0.0,0.0,0.22,4,1,table tennis,3,0.0,1.0,1.0,0.0,0.0,1.0,0.0,0.0,0.0,0.0,1.0
966,967,82.38,0.87,1.0,7,6,basketball,3,0.0,1.0,1.0,0.0,0.0,0.0,1.0,0.0,0.0,0.0,1.0
967,968,4.59,0.0,0.42,1,3,martial arts,1,0.0,1.0,1.0,0.0,0.0,1.0,0.0,0.0,1.0,0.0,0.0
968,969,37.31,0.36,1.0,4,11,table tennis,5,0.0,1.0,1.0,0.0,0.0,0.0,1.0,0.0,1.0,0.0,0.0
969,970,48.38,0.33,1.0,4,4,frisbee,2,0.0,1.0,1.0,0.0,0.0,0.0,1.0,0.0,1.0,0.0,0.0
970,971,86.7,1.0,1.0,9,7,frisbee,3,0.0,1.0,0.0,0.0,1.0,0.0,1.0,0.0,0.0,1.0,0.0
971,972,33.32,0.65,0.89,0,10,table tennis,6,0.0,1.0,0.0,0.0,1.0,0.0,1.0,1.0,0.0,0.0,0.0
972,973,56.39,1.0,0.72,6,9,martial arts,3,0.0,1.0,0.0,0.0,1.0,0.0,1.0,0.0,0.0,0.0,1.0
973,974,50.04,0.36,1.0,6,6,basketball,4,0.0,1.0,0.0,0.0,1.0,0.0,1.0,0.0,0.0,0.0,1.0
974,975,48.75,0.76,0.9,2,9,martial arts,6,0.0,1.0,0.0,0.0,1.0,0.0,1.0,0.0,1.0,0.0,0.0
975,976,52.0,0.63,0.92,10,12,football,5,0.0,1.0,0.0,0.0,1.0,0.0,1.0,0.0,0.0,1.0,0.0
976,977,39.44,1.0,0.0,2,9,frisbee,4,0.0,1.0,0.0,0.0,1.0,0.0,1.0,0.0,0.0,0.0,1.0
977,978,30.71,0.0,1.0,4,3,table tennis,5,0.0,1.0,0.0,0.0,1.0,0.0,1.0,0.0,0.0,0.0,1.0
978,979,33.0,0.48,0.81,3,11,football,3,0.0,1.0,0.0,0.0,1.0,0.0,1.0,0.0,0.0,1.0,0.0
979,980,35.61,0.3,0.0,10,10,baseball,3,0.0,1.0,0.0,0.0,1.0,1.0,0.0,0.0,0.0,0.0,1.0
980,981,32.07,0.55,0.29,5,10,gymnastics,5,0.0,1.0,0.0,0.0,1.0,0.0,1.0,0.0,0.0,0.0,1.0
981,982,38.63,0.95,0.24,7,8,table tennis,4,0.0,1.0,0.0,0.0,1.0,0.0,1.0,0.0,0.0,1.0,0.0
982,983,20.32,0.7000000000000001,0.03,4,2,football,4,0.0,1.0,0.0,0.0,1.0,0.0,1.0,0.0,0.0,0.0,1.0
983,984,31.34,0.2,0.73,0,6,martial arts,2,0.0,1.0,0.0,0.0,1.0,0.0,1.0,0.0,0.0,0.0,1.0
984,985,40.49,1.0,0.17,8,11,table tennis,3,0.0,1.0,0.0,0.0,1.0,0.0,1.0,0.0,1.0,0.0,0.0
985,986,26.05,0.27,0.96,2,1,basketball,5,0.0,1.0,0.0,0.0,1.0,0.0,1.0,0.0,1.0,0.0,0.0
986,987,13.16,0.0,1.0,3,8,table tennis,4,0.0,1.0,0.0,0.0,1.0,0.0,1.0,0.0,0.0,0.0,1.0
987,988,71.88,1.0,0.87,10,9,curling,3,0.0,1.0,0.0,0.0,1.0,0.0,1.0,0.0,1.0,0.0,0.0
988,989,55.98,0.97,0.52,8,6,martial arts,4,0.0,1.0,0.0,0.0,1.0,0.0,1.0,0.0,0.0,0.0,1.0
989,990,68.99,0.66,1.0,9,6,table tennis,3,0.0,1.0,0.0,0.0,1.0,1.0,0.0,0.0,0.0,1.0,0.0
990,991,40.19,0.07,0.36,0,1,frisbee,2,0.0,1.0,0.0,0.0,1.0,0.0,1.0,0.0,0.0,0.0,1.0
991,992,22.5,0.16,0.13,7,11,baseball,4,0.0,1.0,0.0,0.0,1.0,0.0,1.0,0.0,1.0,0.0,0.0
992,993,29.36,1.0,0.15,8,0,table tennis,2,0.0,1.0,0.0,0.0,1.0,0.0,1.0,0.0,1.0,0.0,0.0
993,994,64.69,1.0,0.86,7,1,basketball,3,0.0,1.0,0.0,0.0,1.0,0.0,1.0,0.0,0.0,0.0,1.0
994,995,33.05,1.0,0.1,7,0,basketball,3,0.0,1.0,0.0,0.0,1.0,1.0,0.0,0.0,0.0,0.0,1.0
995,996,12.62,0.03,0.77,1,12,martial arts,3,0.0,1.0,0.0,0.0,1.0,0.0,1.0,0.0,0.0,1.0,0.0
996,997,32.15,0.0,0.97,5,4,martial arts,3,0.0,1.0,0.0,0.0,1.0,0.0,1.0,0.0,0.0,0.0,1.0
997,998,74.25,0.95,0.9,8,9,basketball,3,0.0,1.0,0.0,0.0,1.0,0.0,1.0,0.0,0.0,1.0,0.0
998,999,41.08,0.84,0.0,9,10,table tennis,6,0.0,1.0,0.0,0.0,1.0,0.0,1.0,1.0,0.0,0.0,0.0
999,1000,47.41,0.91,0.39,9,12,gymnastics,5,0.0,1.0,0.0,0.0,1.0,0.0,1.0,0.0,0.0,1.0,0.0
